distance,airport_1,airport_2,daily_passengers,state_1,city_1,state_2,city_2,population_1,density_1,population_2,density_2,lat_1,lon_1,lat_2,lon_2
1342,AUS,IAD,222.21186440677965,TX,Austin,DC,Washington,1905945.0,1154.1,5116378.0,4235.7,30.264979,-97.746598,38.892062,-77.019912
1340,AUS,IAD,222.21186440677965,TX,Austin,DC,Washington,1905945.0,1154.1,5116378.0,4235.7,30.264979,-97.746598,38.892062,-77.019912
587,BNA,IAD,108.61864406779661,TN,Nashville,DC,Washington,1177657.0,555.4,5116378.0,4235.7,36.166687,-86.779932,38.892062,-77.019912
588,BNA,IAD,108.61864406779661,TN,Nashville,DC,Washington,1177657.0,555.4,5116378.0,4235.7,36.166687,-86.779932,38.892062,-77.019912
612,BNA,PIE,42.76,TN,Nashville,FL,Tampa,1177657.0,555.4,2861173.0,1320.9,36.166687,-86.779932,37.8606,-78.804199
613,BNA,PIE,42.76,TN,Nashville,FL,Tampa,1177657.0,555.4,2861173.0,1320.9,36.166687,-86.779932,37.8606,-78.804199
740,BOS,GRR,142.27777777777777,MA,Boston,MI,Grand Rapids,4328315.0,5319.0,609023.0,1708.2,42.358894,-71.056742,47.925705,-97.036068
818,BOS,IND,327.7118644067797,MA,Boston,IN,Indianapolis,4328315.0,5319.0,1729849.0,941.8,42.358894,-71.056742,39.76845,-86.156212
817,BOS,IND,327.7118644067797,MA,Boston,IN,Indianapolis,4328315.0,5319.0,1729849.0,941.8,42.358894,-71.056742,39.76845,-86.156212
487,BOS,ORF,162.82051282051282,MA,Boston,VA,Norfolk,4328315.0,5319.0,236973.0,1717.4,42.358894,-71.056742,36.846164,-76.285913
917,BOS,SAV,214.80188679245282,MA,Boston,GA,Savannah,4328315.0,5319.0,316050.0,524.8,42.358894,-71.056742,40.115007,-111.654713
1240,BOS,SRQ,217.0,MA,Boston,FL,Sarasota,4328315.0,5319.0,55508.0,1458.3,42.358894,-71.056742,27.336483,-82.538602
806,FLL,BNA,473.54237288135596,FL,Miami,TN,Nashville,6080145.0,4758.9,1177657.0,555.4,44.977479,-93.264346,36.166687,-86.779932
812,FLL,ORF,142.78813559322035,FL,Miami,VA,Norfolk,6080145.0,4758.9,236973.0,1717.4,44.977479,-93.264346,36.846164,-76.285913
1355,FLL,PBG,266.741935483871,FL,Miami,NY,Plattsburgh,6080145.0,4758.9,19907.0,1525.5,44.977479,-93.264346,44.699668,-73.451807
1334,FLL,PBG,266.741935483871,FL,Miami,NY,Plattsburgh,6080145.0,4758.9,19907.0,1525.5,44.977479,-93.264346,44.699668,-73.451807
1139,FLL,SWF,123.28571428571429,FL,Miami,NY,New York City,6080145.0,4758.9,18908608.0,11080.3,44.977479,-93.264346,40.123164,-75.333718
1118,FLL,SWF,123.28571428571429,FL,Miami,NY,New York City,6080145.0,4758.9,18908608.0,11080.3,44.977479,-93.264346,40.123164,-75.333718
1217,FLL,SYR,157.23595505617976,FL,Miami,NY,Syracuse,6080145.0,4758.9,410732.0,2251.6,44.977479,-93.264346,43.047945,-76.147448
663,JAX,IAD,135.53389830508473,FL,Jacksonville,DC,Washington,1288298.0,491.0,5116378.0,4235.7,30.325968,-81.65676,38.892062,-77.019912
547,JAX,ORF,219.9156626506024,FL,Jacksonville,VA,Norfolk,1288298.0,491.0,236973.0,1717.4,30.325968,-81.65676,36.846164,-76.285913
546,JAX,ORF,219.9156626506024,FL,Jacksonville,VA,Norfolk,1288298.0,491.0,236973.0,1717.4,30.325968,-81.65676,36.846164,-76.285913
276,LAS,AZA,32.765957446808514,NV,Las Vegas,AZ,Phoenix,2248047.0,1755.1,4064275.0,1198.9,36.169202,-115.140597,30.406931,-87.217578
236,LAS,LAX,2699.2542372881358,NV,Las Vegas,CA,Los Angeles,2248047.0,1755.1,11922389.0,3184.7,36.169202,-115.140597,34.052238,-118.243344
240,LAS,LAX,2699.2542372881358,NV,Las Vegas,CA,Los Angeles,2248047.0,1755.1,11922389.0,3184.7,36.169202,-115.140597,34.052238,-118.243344
962,LAX,GEG,250.64406779661016,CA,Los Angeles,WA,Spokane,11922389.0,3184.7,456219.0,1279.8,34.052238,-118.243344,47.658999,-117.425022
1203,LAX,ICT,102.27272727272727,CA,Los Angeles,KS,Wichita,11922389.0,3184.7,509003.0,938.5999999999999,34.052238,-118.243344,39.960481,-75.605214
1619,LAX,MEM,292.52542372881356,CA,Los Angeles,TN,Memphis,11922389.0,3184.7,1037998.0,824.8,34.052238,-118.243344,35.143378,-90.052136
659,LAX,MFR,152.53535353535352,CA,Los Angeles,OR,Medford,11922389.0,3184.7,168959.0,1191.6,34.052238,-118.243344,42.064492,-87.93678
935,LAX,MSO,123.27272727272727,CA,Los Angeles,MT,Missoula,11922389.0,3184.7,88780.0,828.8,34.052238,-118.243344,38.937593,-77.183779
1330,LAX,OMA,260.58474576271186,CA,Los Angeles,NE,Omaha,11922389.0,3184.7,821345.0,1323.9,34.052238,-118.243344,46.07035,-93.666319
871,LAX,PSC,99.52631578947368,CA,Los Angeles,WA,Pasco,11922389.0,3184.7,77274.0,873.1,34.052238,-118.243344,37.123874,-76.391902
1423,LAX,SGF,72.75,CA,Los Angeles,MO,Springfield,11922389.0,3184.7,286280.0,784.5,34.052238,-118.243344,39.79936,-89.643624
1283,LAX,TUL,177.22881355932202,CA,Los Angeles,OK,Tulsa,11922389.0,3184.7,731743.0,804.2,34.052238,-118.243344,61.096484,-160.967455
773,MDW,SAV,41.116883116883116,IL,Chicago,GA,Savannah,8497759.0,4614.5,316050.0,524.8,41.775002,-87.696388,40.115007,-111.654713
475,MDW,TYS,8.759493670886076,IL,Chicago,TN,Knoxville,8497759.0,4614.5,615829.0,750.3,41.775002,-87.696388,35.962631,-83.916677
601,MYR,SWF,15.452991452991453,SC,Myrtle Beach,NY,New York City,332181.0,594.6,18908608.0,11080.3,33.68785,-78.883852,40.123164,-75.333718
726,ORF,PIE,28.36,VA,Norfolk,FL,Tampa,236973.0,1717.4,2861173.0,1320.9,36.846164,-76.285913,37.8606,-78.804199
1081,PHX,FSD,77.89583333333333,AZ,Phoenix,SD,Sioux Falls,4064275.0,1198.9,204484.0,926.0,30.406931,-87.217578,43.488765,-96.743185
1020,PHX,GEG,364.3692307692308,AZ,Phoenix,WA,Spokane,4064275.0,1198.9,456219.0,1279.8,30.406931,-87.217578,47.658999,-117.425022
1034,PHX,GEG,364.3692307692308,AZ,Phoenix,WA,Spokane,4064275.0,1198.9,456219.0,1279.8,30.406931,-87.217578,47.658999,-117.425022
870,PHX,ICT,117.29166666666667,AZ,Phoenix,KS,Wichita,4064275.0,1198.9,509003.0,938.6,30.406931,-87.217578,39.960481,-75.605214
1009,PHX,PDX,1345.8,AZ,Phoenix,OR,Portland,4064275.0,1198.9,2095808.0,1868.8,30.406931,-87.217578,45.516018,-122.681425
1028,PHX,PDX,1345.8,AZ,Phoenix,OR,Portland,4064275.0,1198.9,2095808.0,1868.8,30.406931,-87.217578,45.516018,-122.681425
1814,PHX,PIT,402.73846153846154,AZ,Phoenix,PA,Pittsburgh,4064275.0,1198.9,1749091.0,2118.5,30.406931,-87.217578,40.442169,-79.994945
1813,PHX,PIT,402.73846153846154,AZ,Phoenix,PA,Pittsburgh,4064275.0,1198.9,1749091.0,2118.5,30.406931,-87.217578,40.442169,-79.994945
477,PHX,PVU,58.1,AZ,Phoenix,UT,Provo,4064275.0,1198.9,619218.0,1059.2,30.406931,-87.217578,41.824461,-71.412747
1082,PHX,SGF,24.6,AZ,Phoenix,MO,Springfield,4064275.0,1198.9,286280.0,784.5,30.406931,-87.217578,39.79936,-89.643624
1120,RSW,SWF,11.336448598130842,FL,Fort Myers,NY,New York City,88699.0,858.3,18908608.0,11080.3,40.253979,-103.801495,40.123164,-75.333718
962,SNA,GEG,119.3135593220339,CA,Los Angeles,WA,Spokane,11922389.0,3184.7,456219.0,1279.8,34.052238,-118.243344,47.658999,-117.425022
659,SNA,MFR,30.848484848484848,CA,Los Angeles,OR,Medford,11922389.0,3184.7,168959.0,1191.6,34.052238,-118.243344,42.064492,-87.93678
935,SNA,MSO,23.545454545454547,CA,Los Angeles,MT,Missoula,11922389.0,3184.7,88780.0,828.8,34.052238,-118.243344,38.937593,-77.183779
880,SRQ,IAD,42.0,FL,Sarasota,DC,Washington,55508.0,1458.3,5116378.0,4235.7,27.336483,-82.538602,38.892062,-77.019912
819,VPS,BWI,81.39285714285714,FL,Valparaiso,DC,Washington,4889.0,160.8,5116378.0,4235.7,41.478143,-87.055372,38.892062,-77.019912
819,VPS,IAD,20.928571428571427,FL,Valparaiso,DC,Washington,4889.0,160.8,5116378.0,4235.7,41.478143,-87.055372,38.892062,-77.019912
190,AUS,DAL,875.0508474576271,TX,Austin,TX,Dallas,1905945.0,1154.1,5830932.0,1478.7,30.264979,-97.746598,40.11086,-77.035636
190,AUS,DFW,331.8474576271187,TX,Austin,TX,Dallas,1905945.0,1154.1,5830932.0,1478.7,30.264979,-97.746598,40.11086,-77.035636
872,AUS,PHX,644.5230769230769,TX,Austin,AZ,Phoenix,1905945.0,1154.1,4064275.0,1198.9,30.264979,-97.746598,30.406931,-87.217578
1698,AUS,BOS,460.8728813559322,TX,Austin,MA,Boston,1905945.0,1154.1,4328315.0,5319.0,30.264979,-97.746598,42.358894,-71.056742
1698,AUS,MHT,43.21186440677966,TX,Austin,MA,Boston,1905945.0,1154.1,4328315.0,5319.0,30.264979,-97.746598,42.358894,-71.056742
1698,AUS,PVD,69.77118644067797,TX,Austin,MA,Boston,1905945.0,1154.1,4328315.0,5319.0,30.264979,-97.746598,42.358894,-71.056742
1342,AUS,BWI,380.0508474576271,TX,Austin,DC,Washington,1905945.0,1154.1,5116378.0,4235.7,30.264979,-97.746598,38.892062,-77.019912
1342,AUS,DCA,276.27966101694915,TX,Austin,DC,Washington,1905945.0,1154.1,5116378.0,4235.7,30.264979,-97.746598,38.892062,-77.019912
977,AUS,MDW,233.01694915254237,TX,Austin,IL,Chicago,1905945.0,1154.1,8497759.0,4614.5,30.264979,-97.746598,41.775002,-87.696388
977,AUS,ORD,666.3898305084746,TX,Austin,IL,Chicago,1905945.0,1154.1,8497759.0,4614.5,30.264979,-97.746598,41.775002,-87.696388
1559,AUS,EWR,514.3050847457627,TX,Austin,NY,New York City,1905945.0,1154.1,18908608.0,11080.3,30.264979,-97.746598,40.123164,-75.333718
1559,AUS,HPN,16.661016949152543,TX,Austin,NY,New York City,1905945.0,1154.1,18908608.0,11080.3,30.264979,-97.746598,40.123164,-75.333718
1559,AUS,ISP,17.338983050847457,TX,Austin,NY,New York City,1905945.0,1154.1,18908608.0,11080.3,30.264979,-97.746598,40.123164,-75.333718
1559,AUS,JFK,490.22033898305085,TX,Austin,NY,New York City,1905945.0,1154.1,18908608.0,11080.3,30.264979,-97.746598,40.123164,-75.333718
1559,AUS,LGA,242.07627118644066,TX,Austin,NY,New York City,1905945.0,1154.1,18908608.0,11080.3,30.264979,-97.746598,40.123164,-75.333718
1559,AUS,SWF,12.669811320754716,TX,Austin,NY,New York City,1905945.0,1154.1,18908608.0,11080.299999999997,30.264979,-97.746598,40.123164,-75.333718
1504,AUS,OAK,165.84745762711864,TX,Austin,CA,San Francisco,1905945.0,1154.1,3364979.0,7030.7,30.264979,-97.746598,37.78008,-122.420168
1504,AUS,SFO,595.4152542372881,TX,Austin,CA,San Francisco,1905945.0,1154.1,3364979.0,7030.7,30.264979,-97.746598,37.78008,-122.420168
1504,AUS,SJC,511.40677966101697,TX,Austin,CA,San Francisco,1905945.0,1154.1,3364979.0,7030.7,30.264979,-97.746598,37.78008,-122.420168
1105,AUS,FLL,287.48275862068965,TX,Austin,FL,Miami,1905945.0,1154.1,6080145.0,4758.9,30.264979,-97.746598,44.977479,-93.264346
1105,AUS,MIA,162.39655172413794,TX,Austin,FL,Miami,1905945.0,1154.1,6080145.0,4758.9,30.264979,-97.746598,44.977479,-93.264346
1242,AUS,BUR,62.228813559322035,TX,Austin,CA,Los Angeles,1905945.0,1154.1,11922389.0,3184.7,30.264979,-97.746598,34.052238,-118.243344
1242,AUS,LAX,892.3728813559322,TX,Austin,CA,Los Angeles,1905945.0,1154.1,11922389.0,3184.7,30.264979,-97.746598,34.052238,-118.243344
1242,AUS,LGB,120.69491525423729,TX,Austin,CA,Los Angeles,1905945.0,1154.1,11922389.0,3184.7,30.264979,-97.746598,34.052238,-118.243344
1242,AUS,ONT,99.41525423728814,TX,Austin,CA,Los Angeles,1905945.0,1154.1,11922389.0,3184.7,30.264979,-97.746598,34.052238,-118.243344
1242,AUS,SNA,168.16949152542372,TX,Austin,CA,Los Angeles,1905945.0,1154.1,11922389.0,3184.7,30.264979,-97.746598,34.052238,-118.243344
928,AUS,TPA,251.15384615384616,TX,Austin,FL,Tampa,1905945.0,1154.1,2861173.0,1320.9,30.264979,-97.746598,37.8606,-78.804199
1107,PHX,SEA,2283.3582089552237,AZ,Phoenix,WA,Seattle,4064275.0,1198.9,3561397.0,3376.6,30.406931,-87.217578,47.603229,-122.33028
1999,PHX,BWI,778.0338983050848,AZ,Phoenix,DC,Washington,4064275.0,1198.9,5116378.0,4235.7,30.406931,-87.217578,38.892062,-77.019912
1999,PHX,DCA,434.3220338983051,AZ,Phoenix,DC,Washington,4064275.0,1198.9,5116378.0,4235.7,30.406931,-87.217578,38.892062,-77.019912
1999,PHX,IAD,244.38135593220338,AZ,Phoenix,DC,Washington,4064275.0,1198.9,5116378.0,4235.7,30.406931,-87.217578,38.892062,-77.019912
1262,PHX,STL,696.2153846153847,AZ,Phoenix,MO,St. Louis,4064275.0,1198.9,2130881.0,1864.3,30.406931,-87.217578,38.630276,-90.200309
668,PHX,OAK,1074.0338983050847,AZ,Phoenix,CA,San Francisco,4064275.0,1198.9,3364979.0,7030.7,30.406931,-87.217578,37.78008,-122.420168
668,PHX,SFO,1248.9915254237287,AZ,Phoenix,CA,San Francisco,4064275.0,1198.9,3364979.0,7030.7,30.406931,-87.217578,37.78008,-122.420168
668,PHX,SJC,1046.8474576271187,AZ,Phoenix,CA,San Francisco,4064275.0,1198.9,3364979.0,7030.7,30.406931,-87.217578,37.78008,-122.420168
647,PHX,SMF,892.9156626506024,AZ,Phoenix,CA,Sacramento,4064275.0,1198.9,1957738.0,2049.4,30.406931,-87.217578,38.582087,-121.50012
1788,PHX,TPA,419.8813559322034,AZ,Phoenix,FL,Tampa,4064275.0,1198.9,2861173.0,1320.9,30.406931,-87.217578,37.8606,-78.804199
843,PHX,SAT,460.5692307692308,AZ,Phoenix,TX,San Antonio,4064275.0,1198.9,2058444.0,1118.8,30.406931,-87.217578,29.425173,-98.494599
324,PHX,SAN,1417.923076923077,AZ,Phoenix,CA,San Diego,4064275.0,1198.9,3046560.0,1639.7,30.406931,-87.217578,32.71576,-117.163817
1891,PHX,RDU,337.53846153846155,AZ,Phoenix,NC,Raleigh,4064275.0,1198.9,1163152.0,1210.0,30.406931,-87.217578,42.673348,-72.179683
601,PHX,RNO,431.4,AZ,Phoenix,NV,Reno,4064275.0,1198.9,457702.0,940.5,30.406931,-87.217578,30.177159,-95.162771
507,PHX,SLC,1268.1692307692308,AZ,Phoenix,UT,Salt Lake City,4064275.0,1198.9,1173879.0,700.8,30.406931,-87.217578,40.758478,-111.888142
935,PHX,TUL,210.64814814814815,AZ,Phoenix,OK,Tulsa,4064275.0,1198.9,731743.0,804.2,30.406931,-87.217578,61.096484,-160.967455
1562,BOS,DAL,64.6504854368932,MA,Boston,TX,Dallas,4328315.0,5319.0,5830932.0,1478.7,42.358894,-71.056742,40.11086,-77.035636
1562,BOS,DFW,1238.2203389830509,MA,Boston,TX,Dallas,4328315.0,5319.0,5830932.0,1478.7,42.358894,-71.056742,40.11086,-77.035636
496,BOS,PIT,665.2966101694915,MA,Boston,PA,Pittsburgh,4328315.0,5319.0,1749091.0,2118.5,42.358894,-71.056742,40.442169,-79.994945
1754,BOS,DEN,1237.3813559322034,MA,Boston,CO,Denver,4328315.0,5319.0,2687458.0,1792.9,42.358894,-71.056742,39.738453,-104.984853
2300,BOS,PHX,786.1779661016949,MA,Boston,AZ,Phoenix,4328315.0,5319.0,4064275.0,1198.9,42.358894,-71.056742,30.406931,-87.217578
2496,BOS,SEA,847.8813559322034,MA,Boston,WA,Seattle,4328315.0,5319.0,3561397.0,3376.6,42.358894,-71.056742,47.603229,-122.33028
563,BOS,CAK,100.61016949152543,MA,Boston,OH,Cleveland,4328315.0,5319.0,1680247.0,1839.6,42.358894,-71.056742,41.505546,-81.6915
563,BOS,CLE,413.72033898305085,MA,Boston,OH,Cleveland,4328315.0,5319.0,1680247.0,1839.6,42.358894,-71.056742,41.505546,-81.6915
942,BOS,BNA,455.3305084745763,MA,Boston,TN,Nashville,4328315.0,5319.0,1177657.0,555.4,42.358894,-71.056742,36.166687,-86.779932
395,BOS,BUF,395.5357142857143,MA,Boston,NY,Buffalo,4328315.0,5319.0,944589.0,2645.7,42.358894,-71.056742,39.945422,-78.64671
1991,BOS,BZN,158.85714285714286,MA,Boston,MT,Bozeman,4328315.0,5319.0,65279.0,990.1,42.358894,-71.056742,45.6833,-111.0558
418,BOS,BWI,1242.2542372881355,MA,Boston,DC,Washington,4328315.0,5319.0,5116378.0,4235.7,42.358894,-71.056742,38.892062,-77.019912
418,BOS,DCA,2174.864406779661,MA,Boston,DC,Washington,4328315.0,5319.0,5116378.0,4235.7,42.358894,-71.056742,38.892062,-77.019912
418,BOS,IAD,939.542372881356,MA,Boston,DC,Washington,4328315.0,5319.0,5116378.0,4235.7,42.358894,-71.056742,38.892062,-77.019912
867,BOS,MDW,378.54237288135596,MA,Boston,IL,Chicago,4328315.0,5319.0,8497759.0,4614.5,42.358894,-71.056742,41.775002,-87.696388
867,BOS,ORD,2285.2457627118642,MA,Boston,IL,Chicago,4328315.0,5319.0,8497759.0,4614.5,42.358894,-71.056742,41.775002,-87.696388
836,BOS,CHS,253.20909090909092,MA,Boston,SC,Charleston,4328315.0,5319.0,706884.0,503.3,42.358894,-71.056742,32.77647,-79.931027
737,BOS,CLT,800.0254237288135,MA,Boston,NC,Charlotte,4328315.0,5319.0,1427444.0,1089.8,42.358894,-71.056742,35.222936,-80.840161
640,BOS,CMH,330.4102564102564,MA,Boston,OH,Columbus,4328315.0,5319.0,1572546.0,1581.0,42.358894,-71.056742,39.962649,-82.996216
1047,BOS,STL,410.8813559322034,MA,Boston,MO,St. Louis,4328315.0,5319.0,2130881.0,1864.3,42.358894,-71.056742,38.630276,-90.200309
756,BOS,MYR,232.5463917525773,MA,Boston,SC,Myrtle Beach,4328315.0,5319.0,332181.0,594.6,42.358894,-71.056742,33.68785,-78.883852
1028,BOS,JAX,372.47457627118644,MA,Boston,FL,Jacksonville,4328315.0,5319.0,1288298.0,491.0,42.358894,-71.056742,30.325968,-81.65676
632,BOS,DTW,764.8220338983051,MA,Boston,MI,Detroit,4328315.0,5319.0,3725908.0,1772.2,42.358894,-71.056742,42.332916,-83.047853
1609,BOS,HOU,169.03389830508473,MA,Boston,TX,Houston,4328315.0,5319.0,5970127.0,1384.0,42.358894,-71.056742,29.760803,-95.369506
1609,BOS,IAH,655.2372881355932,MA,Boston,TX,Houston,4328315.0,5319.0,5970127.0,1384.0,42.358894,-71.056742,29.760803,-95.369506
1142,BOS,MCO,2274.898305084746,MA,Boston,FL,Orlando,4328315.0,5319.0,1882705.0,1070.2,42.358894,-71.056742,28.538331,-81.378879
1124,BOS,MSP,926.957627118644,MA,Boston,MN,Minneapolis,4328315.0,5319.0,2892569.0,3052.2,42.358894,-71.056742,44.977479,-93.264346
200,BOS,EWR,1069.635593220339,MA,Boston,NY,New York City,4328315.0,5319.0,18908608.0,11080.3,42.358894,-71.056742,40.123164,-75.333718
200,BOS,ISP,14.146788990825687,MA,Boston,NY,New York City,4328315.0,5319.0,18908608.0,11080.3,42.358894,-71.056742,40.123164,-75.333718
200,BOS,JFK,537.8305084745763,MA,Boston,NY,New York City,4328315.0,5319.0,18908608.0,11080.3,42.358894,-71.056742,40.123164,-75.333718
200,BOS,LGA,2573.915254237288,MA,Boston,NY,New York City,4328315.0,5319.0,18908608.0,11080.3,42.358894,-71.056742,40.123164,-75.333718
1271,BOS,RSW,1071.2966101694915,MA,Boston,FL,Fort Myers,4328315.0,5319.0,88699.0,858.3,42.358894,-71.056742,40.253979,-103.801495
2381,BOS,LAS,1021.8474576271186,MA,Boston,NV,Las Vegas,4328315.0,5319.0,2248047.0,1755.1,42.358894,-71.056742,36.169202,-115.140597
2704,BOS,OAK,172.28813559322035,MA,Boston,CA,San Francisco,4328315.0,5319.0,3364979.0,7030.7,42.358894,-71.056742,37.78008,-122.420168
2704,BOS,SFO,2202.2033898305085,MA,Boston,CA,San Francisco,4328315.0,5319.0,3364979.0,7030.7,42.358894,-71.056742,37.78008,-122.420168
2704,BOS,SJC,348.3813559322034,MA,Boston,CA,San Francisco,4328315.0,5319.0,3364979.0,7030.7,42.358894,-71.056742,37.78008,-122.420168
1283,BOS,FLL,1588.2796610169491,MA,Boston,FL,Miami,4328315.0,5319.0,6080145.0,4758.9,42.358894,-71.056742,44.977479,-93.264346
1283,BOS,MIA,995.0169491525423,MA,Boston,FL,Miami,4328315.0,5319.0,6080145.0,4758.9,42.358894,-71.056742,44.977479,-93.264346
2611,BOS,BUR,37.26271186440678,MA,Boston,CA,Los Angeles,4328315.0,5319.0,11922389.0,3184.7,42.358894,-71.056742,34.052238,-118.243344
2611,BOS,LAX,2120.0423728813557,MA,Boston,CA,Los Angeles,4328315.0,5319.0,11922389.0,3184.7,42.358894,-71.056742,34.052238,-118.243344
2611,BOS,LGB,186.85593220338984,MA,Boston,CA,Los Angeles,4328315.0,5319.0,11922389.0,3184.7,42.358894,-71.056742,34.052238,-118.243344
2611,BOS,ONT,77.6864406779661,MA,Boston,CA,Los Angeles,4328315.0,5319.0,11922389.0,3184.7,42.358894,-71.056742,34.052238,-118.243344
2611,BOS,SNA,156.79661016949152,MA,Boston,CA,Los Angeles,4328315.0,5319.0,11922389.0,3184.7,42.358894,-71.056742,34.052238,-118.243344
829,BOS,SDF,120.53763440860214,MA,Boston,KY,Louisville,4328315.0,5319.0,963812.0,923.1,42.358894,-71.056742,38.256078,-85.751569
752,BOS,CVG,341.1864406779661,MA,Boston,OH,Cincinnati,4328315.0,5319.0,1692702.0,1530.6,42.358894,-71.056742,39.104427,-84.513808
2636,BOS,SMF,175.74766355140187,MA,Boston,CA,Sacramento,4328315.0,5319.0,1957738.0,2049.4,42.358894,-71.056742,38.582087,-121.50012
1204,BOS,TPA,1230.584745762712,MA,Boston,FL,Tampa,4328315.0,5319.0,2861173.0,1320.9,42.358894,-71.056742,37.8606,-78.804199
1256,BOS,MCI,349.20512820512823,MA,Boston,MO,Kansas City,4328315.0,5319.0,1689556.0,620.7,42.358894,-71.056742,39.099792,-94.578559
1764,BOS,SAT,192.3846153846154,MA,Boston,TX,San Antonio,4328315.0,5319.0,2058444.0,1118.8,42.358894,-71.056742,29.425173,-98.494599
860,BOS,MKE,385.0,MA,Boston,WI,Milwaukee,4328315.0,5319.0,1290940.0,2301.6,42.358894,-71.056742,43.041072,-87.909421
1371,BOS,MSY,412.22033898305085,MA,Boston,LA,New Orleans,4328315.0,5319.0,932759.0,866.5,42.358894,-71.056742,29.950621,-90.074948
2588,BOS,SAN,737.9067796610169,MA,Boston,CA,San Diego,4328315.0,5319.0,3046560.0,1639.7,42.358894,-71.056742,32.71576,-117.163817
487,BOS,PHF,75.19658119658119,MA,Boston,VA,Norfolk,4328315.0,5319.0,236973.0,1717.4,42.358894,-71.056742,36.846164,-76.285913
1222,BOS,PBI,961.2457627118644,MA,Boston,FL,West Palm Beach,4328315.0,5319.0,117588.0,842.8,42.358894,-71.056742,33.90976,-98.500854
2537,BOS,PDX,370.22033898305085,MA,Boston,OR,Portland,4328315.0,5319.0,2095808.0,1868.8,42.358894,-71.056742,45.516018,-122.681425
289,BOS,PHL,1444.593220338983,MA,Boston,PA,Philadelphia,4328315.0,5319.0,5683533.0,4578.4,42.358894,-71.056742,39.951061,-75.16562
625,BOS,RDU,845.8644067796611,MA,Boston,NC,Raleigh,4328315.0,5319.0,1163152.0,1210.0,42.358894,-71.056742,42.673348,-72.179683
487,BOS,RIC,391.10169491525426,MA,Boston,VA,Richmond,4328315.0,5319.0,1073223.0,1463.7,42.358894,-71.056742,37.540759,-77.433932
2105,BOS,SLC,407.16101694915255,MA,Boston,UT,Salt Lake City,4328315.0,5319.0,1173879.0,700.8,42.358894,-71.056742,40.758478,-111.888142
276,LAS,PHX,1663.2941176470588,NV,Las Vegas,AZ,Phoenix,2248047.0,1755.1,4064275.0,1198.9,36.169202,-115.140597,30.406931,-87.217578
2106,LAS,BWI,1074.1949152542372,NV,Las Vegas,DC,Washington,2248047.0,1755.1,5116378.0,4235.7,36.169202,-115.140597,38.892062,-77.019912
2106,LAS,DCA,381.1694915254237,NV,Las Vegas,DC,Washington,2248047.0,1755.1,5116378.0,4235.7,36.169202,-115.140597,38.892062,-77.019912
2106,LAS,IAD,483.1779661016949,NV,Las Vegas,DC,Washington,2248047.0,1755.1,5116378.0,4235.7,36.169202,-115.140597,38.892062,-77.019912
2282,LAS,EWR,1521.322033898305,NV,Las Vegas,NY,New York City,2248047.0,1755.1,18908608.0,11080.3,36.169202,-115.140597,40.123164,-75.333718
2282,LAS,HPN,19.3135593220339,NV,Las Vegas,NY,New York City,2248047.0,1755.1,18908608.0,11080.3,36.169202,-115.140597,40.123164,-75.333718
2282,LAS,ISP,73.33898305084746,NV,Las Vegas,NY,New York City,2248047.0,1755.1,18908608.0,11080.3,36.169202,-115.140597,40.123164,-75.333718
2282,LAS,JFK,1931.949152542373,NV,Las Vegas,NY,New York City,2248047.0,1755.1,18908608.0,11080.3,36.169202,-115.140597,40.123164,-75.333718
2282,LAS,LGA,282.6779661016949,NV,Las Vegas,NY,New York City,2248047.0,1755.1,18908608.0,11080.3,36.169202,-115.140597,40.123164,-75.333718
2282,LAS,SWF,16.743362831858406,NV,Las Vegas,NY,New York City,2248047.0,1755.1,18908608.0,11080.3,36.169202,-115.140597,40.123164,-75.333718
414,LAS,OAK,1527.5677966101696,NV,Las Vegas,CA,San Francisco,2248047.0,1755.1,3364979.0,7030.7,36.169202,-115.140597,37.78008,-122.420168
414,LAS,SFO,2217.5508474576272,NV,Las Vegas,CA,San Francisco,2248047.0,1755.1,3364979.0,7030.7,36.169202,-115.140597,37.78008,-122.420168
414,LAS,SJC,1323.1101694915253,NV,Las Vegas,CA,San Francisco,2248047.0,1755.1,3364979.0,7030.7,36.169202,-115.140597,37.78008,-122.420168
2174,LAS,FLL,678.1355932203389,NV,Las Vegas,FL,Miami,2248047.0,1755.1,6080145.0,4758.9,36.169202,-115.140597,44.977479,-93.264346
2174,LAS,MIA,552.4491525423729,NV,Las Vegas,FL,Miami,2248047.0,1755.1,6080145.0,4758.9,36.169202,-115.140597,44.977479,-93.264346
236,LAS,BUR,1255.6694915254238,NV,Las Vegas,CA,Los Angeles,2248047.0,1755.1,11922389.0,3184.7,36.169202,-115.140597,34.052238,-118.243344
236,LAS,LGB,500.01,NV,Las Vegas,CA,Los Angeles,2248047.0,1755.1,11922389.0,3184.7,36.169202,-115.140597,34.052238,-118.243344
236,LAS,ONT,573.2203389830509,NV,Las Vegas,CA,Los Angeles,2248047.0,1755.1,11922389.0,3184.7,36.169202,-115.140597,34.052238,-118.243344
236,LAS,SNA,872.957627118644,NV,Las Vegas,CA,Los Angeles,2248047.0,1755.1,11922389.0,3184.7,36.169202,-115.140597,34.052238,-118.243344
1984,LAS,TPA,654.4152542372881,NV,Las Vegas,FL,Tampa,2248047.0,1755.1,2861173.0,1320.9,36.169202,-115.140597,37.8606,-78.804199
2154,LAS,ORF,213.73333333333332,NV,Las Vegas,VA,Norfolk,2248047.0,1755.1,236973.0,1717.4,36.169202,-115.140597,36.846164,-76.285913
2154,LAS,PHF,27.288888888888888,NV,Las Vegas,VA,Norfolk,2248047.0,1755.1,236973.0,1717.4,36.169202,-115.140597,36.846164,-76.285913
2136,LAX,PIT,419.40677966101697,CA,Los Angeles,PA,Pittsburgh,11922389.0,3184.7,1749091.0,2118.5,34.052238,-118.243344,40.442169,-79.994945
453,LAX,TUS,645.3728813559322,CA,Los Angeles,AZ,Tucson,11922389.0,3184.7,878320.0,863.9,34.052238,-118.243344,35.167852,-103.726151
370,LAX,PHX,1741.9661016949153,CA,Los Angeles,AZ,Phoenix,11922389.0,3184.7,4064275.0,1198.9,34.052238,-118.243344,30.406931,-87.217578
978,LAX,SEA,2841.677966101695,CA,Los Angeles,WA,Seattle,11922389.0,3184.7,3561397.0,3376.6,34.052238,-118.243344,47.603229,-122.33028
1797,LAX,BNA,714.6271186440678,CA,Los Angeles,TN,Nashville,11922389.0,3184.7,1177657.0,555.4,34.052238,-118.243344,36.166687,-86.779932
2329,LAX,BWI,1074.6864406779662,CA,Los Angeles,DC,Washington,11922389.0,3184.7,5116378.0,4235.7,34.052238,-118.243344,38.892062,-77.019912
2329,LAX,DCA,728.9406779661017,CA,Los Angeles,DC,Washington,11922389.0,3184.7,5116378.0,4235.7,34.052238,-118.243344,38.892062,-77.019912
2329,LAX,IAD,1646.0084745762713,CA,Los Angeles,DC,Washington,11922389.0,3184.7,5116378.0,4235.7,34.052238,-118.243344,38.892062,-77.019912
1592,LAX,STL,721.1949152542373,CA,Los Angeles,MO,St. Louis,11922389.0,3184.7,2130881.0,1864.3,34.052238,-118.243344,38.630276,-90.200309
2218,LAX,MCO,1495.4830508474577,CA,Los Angeles,FL,Orlando,11922389.0,3184.7,1882705.0,1070.2,34.052238,-118.243344,28.538331,-81.378879
1535,LAX,MSP,1305.4322033898304,CA,Los Angeles,MN,Minneapolis,11922389.0,3184.7,2892569.0,3052.2,34.052238,-118.243344,44.977479,-93.264346
2510,LAX,EWR,2554.2881355932204,CA,Los Angeles,NY,New York City,11922389.0,3184.7,18908608.0,11080.3,34.052238,-118.243344,40.123164,-75.333718
2510,LAX,HPN,32.53389830508475,CA,Los Angeles,NY,New York City,11922389.0,3184.7,18908608.0,11080.3,34.052238,-118.243344,40.123164,-75.333718
2510,LAX,ISP,34.686440677966104,CA,Los Angeles,NY,New York City,11922389.0,3184.7,18908608.0,11080.3,34.052238,-118.243344,40.123164,-75.333718
2510,LAX,JFK,4963.796610169492,CA,Los Angeles,NY,New York City,11922389.0,3184.7,18908608.0,11080.3,34.052238,-118.243344,40.123164,-75.333718
2510,LAX,LGA,485.95762711864404,CA,Los Angeles,NY,New York City,11922389.0,3184.7,18908608.0,11080.3,34.052238,-118.243344,40.123164,-75.333718
2510,LAX,SWF,19.25925925925926,CA,Los Angeles,NY,New York City,11922389.0,3184.7,18908608.0,11080.3,34.052238,-118.243344,40.123164,-75.333718
372,LAX,OAK,2140.5169491525426,CA,Los Angeles,CA,San Francisco,11922389.0,3184.7,3364979.0,7030.7,34.052238,-118.243344,37.78008,-122.420168
372,LAX,SFO,3769.14406779661,CA,Los Angeles,CA,San Francisco,11922389.0,3184.7,3364979.0,7030.7,34.052238,-118.243344,37.78008,-122.420168
372,LAX,SJC,1699.3728813559321,CA,Los Angeles,CA,San Francisco,11922389.0,3184.7,3364979.0,7030.7,34.052238,-118.243344,37.78008,-122.420168
2343,LAX,FLL,1061.2881355932204,CA,Los Angeles,FL,Miami,11922389.0,3184.7,6080145.0,4758.9,34.052238,-118.243344,44.977479,-93.264346
2343,LAX,MIA,1211.3050847457628,CA,Los Angeles,FL,Miami,11922389.0,3184.7,6080145.0,4758.9,34.052238,-118.243344,44.977479,-93.264346
1843,LAX,SDF,174.03389830508473,CA,Los Angeles,KY,Louisville,11922389.0,3184.7,963812.0,923.1,34.052238,-118.243344,38.256078,-85.751569
404,LAX,SMF,1341.8305084745762,CA,Los Angeles,CA,Sacramento,11922389.0,3184.7,1957738.0,2049.4,34.052238,-118.243344,38.582087,-121.50012
2158,LAX,TPA,577.6016949152543,CA,Los Angeles,FL,Tampa,11922389.0,3184.7,2861173.0,1320.9,34.052238,-118.243344,37.8606,-78.804199
1211,LAX,SAT,511.22033898305085,CA,Los Angeles,TX,San Antonio,11922389.0,3184.7,2058444.0,1118.8,34.052238,-118.243344,29.425173,-98.494599
1756,LAX,MKE,399.50847457627117,CA,Los Angeles,WI,Milwaukee,11922389.0,3184.7,1290940.0,2301.6,34.052238,-118.243344,43.041072,-87.909421
1670,LAX,MSY,791.2457627118644,CA,Los Angeles,LA,New Orleans,11922389.0,3184.7,932759.0,866.5,34.052238,-118.243344,29.950621,-90.074948
2371,LAX,ORF,198.5,CA,Los Angeles,VA,Norfolk,11922389.0,3184.7,236973.0,1717.4,34.052238,-118.243344,36.846164,-76.285913
2371,LAX,PHF,25.347457627118644,CA,Los Angeles,VA,Norfolk,11922389.0,3184.7,236973.0,1717.4,34.052238,-118.243344,36.846164,-76.285913
1187,LAX,OKC,222.5593220338983,CA,Los Angeles,OK,Oklahoma City,11922389.0,3184.7,998806.0,433.6,34.052238,-118.243344,35.468494,-97.521264
2330,LAX,PBI,157.77173913043478,CA,Los Angeles,FL,West Palm Beach,11922389.0,3184.7,117588.0,842.8,34.052238,-118.243344,33.90976,-98.500854
859,LAX,PDX,1490.3474576271187,CA,Los Angeles,OR,Portland,11922389.0,3184.7,2095808.0,1868.8,34.052238,-118.243344,45.516018,-122.681425
2402,LAX,PHL,1389.5762711864406,CA,Los Angeles,PA,Philadelphia,11922389.0,3184.7,5683533.0,4578.4,34.052238,-118.243344,39.951061,-75.16562
433,LAX,STS,198.38095238095238,CA,Los Angeles,CA,Santa Rosa,11922389.0,3184.7,296180.0,1618.1,34.052238,-118.243344,38.439698,-122.715642
2239,LAX,RDU,460.85593220338984,CA,Los Angeles,NC,Raleigh,11922389.0,3184.7,1163152.0,1210.0,34.052238,-118.243344,42.673348,-72.179683
2305,LAX,RIC,169.659793814433,CA,Los Angeles,VA,Richmond,11922389.0,3184.7,1073223.0,1463.7,34.052238,-118.243344,37.540759,-77.433932
415,LAX,RNO,698.2457627118644,CA,Los Angeles,NV,Reno,11922389.0,3184.7,457702.0,940.5,34.052238,-118.243344,30.177159,-95.162771
590,LAX,SLC,1451.8305084745762,CA,Los Angeles,UT,Salt Lake City,11922389.0,3184.7,1173879.0,700.8,34.052238,-118.243344,40.758478,-111.888142
2152,LAX,SAV,101.4,CA,Los Angeles,GA,Savannah,11922389.0,3184.7,316050.0,524.8,34.052238,-118.243344,40.115007,-111.654713
2351,LAX,SYR,115.55555555555556,CA,Los Angeles,NY,Syracuse,11922389.0,3184.7,410732.0,2251.6,34.052238,-118.243344,43.047945,-76.147448
1174,AUS,CAK,16.5625,TX,Austin,OH,Cleveland,1905945.0,1154.1,1680247.0,1839.6,30.264979,-97.746598,41.505546,-81.6915
1174,AUS,CLE,177.125,TX,Austin,OH,Cleveland,1905945.0,1154.1,1680247.0,1839.6,30.264979,-97.746598,41.505546,-81.6915
1073,AUS,CMH,236.33333333333334,TX,Austin,OH,Columbus,1905945.0,1154.1,1572546.0,1581.0,30.264979,-97.746598,39.962649,-82.996216
148,AUS,HOU,343.8942307692308,TX,Austin,TX,Houston,1905945.0,1154.1,5970127.0,1384.0,30.264979,-97.746598,29.760803,-95.369506
148,AUS,IAH,134.92307692307693,TX,Austin,TX,Houston,1905945.0,1154.1,5970127.0,1384.0,30.264979,-97.746598,29.760803,-95.369506
304,PHX,SAN,1417.923076923077,AZ,Phoenix,CA,San Diego,4064275.0,1198.9,3046560.0,1639.7,30.406931,-87.217578,32.71576,-117.163817
1396,BOS,EYW,171.75,MA,Boston,FL,Key West,4328315.0,5319.0,26078.0,1798.2,42.358894,-71.056742,70.129129,-143.63129
209,BOS,EWR,1069.635593220339,MA,Boston,NY,New York City,4328315.0,5319.0,18908608.0,11080.3,42.358894,-71.056742,40.123164,-75.333718
209,BOS,ISP,14.146788990825687,MA,Boston,NY,New York City,4328315.0,5319.0,18908608.0,11080.3,42.358894,-71.056742,40.123164,-75.333718
209,BOS,JFK,537.8305084745763,MA,Boston,NY,New York City,4328315.0,5319.0,18908608.0,11080.3,42.358894,-71.056742,40.123164,-75.333718
209,BOS,LGA,2573.915254237288,MA,Boston,NY,New York City,4328315.0,5319.0,18908608.0,11080.3,42.358894,-71.056742,40.123164,-75.333718
343,BOS,ROC,217.58241758241758,MA,Boston,NY,Rochester,4328315.0,5319.0,699921.0,2278.0,42.358894,-71.056742,43.155708,-77.612547
1695,AUS,PVD,69.77118644067797,TX,Austin,MA,Boston,1905945.0,1154.1,4328315.0,5319.0,30.264979,-97.746598,42.358894,-71.056742
2289,BOS,TUS,133.67924528301887,MA,Boston,AZ,Tucson,4328315.0,5319.0,878320.0,863.9,42.358894,-71.056742,35.167852,-103.726151
1998,PHX,DCA,434.3220338983051,AZ,Phoenix,DC,Washington,4064275.0,1198.9,5116378.0,4235.7,30.406931,-87.217578,38.892062,-77.019912
651,PHX,OAK,1074.0338983050847,AZ,Phoenix,CA,San Francisco,4064275.0,1198.9,3364979.0,7030.7,30.406931,-87.217578,37.78008,-122.420168
2217,LAX,MCO,1495.4830508474577,CA,Los Angeles,FL,Orlando,11922389.0,3184.7,1882705.0,1070.2,34.052238,-118.243344,28.538331,-81.378879
1593,LAX,STL,721.1949152542373,CA,Los Angeles,MO,St. Louis,11922389.0,3184.7,2130881.0,1864.3,34.052238,-118.243344,38.630276,-90.200309
2283,LAS,ISP,73.33898305084746,NV,Las Vegas,NY,New York City,2248047.0,1755.1,18908608.0,11080.3,36.169202,-115.140597,40.123164,-75.333718
2283,LAS,EWR,1521.322033898305,NV,Las Vegas,NY,New York City,2248047.0,1755.1,18908608.0,11080.3,36.169202,-115.140597,40.123164,-75.333718
1139,BOS,MEM,178.54347826086956,MA,Boston,TN,Memphis,4328315.0,5319.0,1037998.0,824.8,42.358894,-71.056742,35.143378,-90.052136
2175,LAS,MIA,552.4491525423729,NV,Las Vegas,FL,Miami,2248047.0,1755.1,6080145.0,4758.9,36.169202,-115.140597,44.977479,-93.264346
2283,LAS,JFK,1931.949152542373,NV,Las Vegas,NY,New York City,2248047.0,1755.1,18908608.0,11080.3,36.169202,-115.140597,40.123164,-75.333718
2342,LAX,MIA,1211.3050847457628,CA,Los Angeles,FL,Miami,11922389.0,3184.7,6080145.0,4758.9,34.052238,-118.243344,44.977479,-93.264346
392,LAX,PHX,1741.9661016949153,CA,Los Angeles,AZ,Phoenix,11922389.0,3184.7,4064275.0,1198.9,34.052238,-118.243344,30.406931,-87.217578
160,AUS,IAH,134.92307692307693,TX,Austin,TX,Houston,1905945.0,1154.1,5970127.0,1384.0,30.264979,-97.746598,29.760803,-95.369506
156,AUS,HOU,343.8942307692308,TX,Austin,TX,Houston,1905945.0,1154.1,5970127.0,1384.0,30.264979,-97.746598,29.760803,-95.369506
978,AUS,MDW,233.01694915254237,TX,Austin,IL,Chicago,1905945.0,1154.1,8497759.0,4614.5,30.264979,-97.746598,41.775002,-87.696388
1284,BOS,FLL,1588.2796610169491,MA,Boston,FL,Miami,4328315.0,5319.0,6080145.0,4758.9,42.358894,-71.056742,44.977479,-93.264346
2283,LAS,HPN,19.3135593220339,NV,Las Vegas,NY,New York City,2248047.0,1755.1,18908608.0,11080.3,36.169202,-115.140597,40.123164,-75.333718
2342,LAX,FLL,1061.2881355932204,CA,Los Angeles,FL,Miami,11922389.0,3184.7,6080145.0,4758.9,34.052238,-118.243344,44.977479,-93.264346
1536,LAX,MSP,1305.4322033898304,CA,Los Angeles,MN,Minneapolis,11922389.0,3184.7,2892569.0,3052.2,34.052238,-118.243344,44.977479,-93.264346
651,PHX,SFO,1248.9915254237287,AZ,Phoenix,CA,San Francisco,4064275.0,1198.9,3364979.0,7030.7,30.406931,-87.217578,37.78008,-122.420168
2401,LAX,PHL,1389.5762711864406,CA,Los Angeles,PA,Philadelphia,11922389.0,3184.7,5683533.0,4578.4,34.052238,-118.243344,39.951061,-75.16562
1238,AUS,SNA,168.16949152542372,TX,Austin,CA,Los Angeles,1905945.0,1154.1,11922389.0,3184.7,30.264979,-97.746598,34.052238,-118.243344
757,BOS,MYR,232.5463917525773,MA,Boston,SC,Myrtle Beach,4328315.0,5319.0,332181.0,594.6,42.358894,-71.056742,33.68785,-78.883852
1272,BOS,RSW,1071.2966101694915,MA,Boston,FL,Fort Myers,4328315.0,5319.0,88699.0,858.3,42.358894,-71.056742,40.253979,-103.801495
2155,LAS,PHF,27.288888888888888,NV,Las Vegas,VA,Norfolk,2248047.0,1755.1,236973.0,1717.4,36.169202,-115.140597,36.846164,-76.285913
1340,AUS,BWI,380.0508474576271,TX,Austin,DC,Washington,1905945.0,1154.1,5116378.0,4235.7,30.264979,-97.746598,38.892062,-77.019912
978,AUS,ORD,666.3898305084746,TX,Austin,IL,Chicago,1905945.0,1154.1,8497759.0,4614.5,30.264979,-97.746598,41.775002,-87.696388
209,BOS,SWF,0.5161290322580645,MA,Boston,NY,New York City,4328315.0,5319.0,18908608.0,11080.3,42.358894,-71.056742,40.123164,-75.333718
943,BOS,BNA,455.3305084745763,MA,Boston,TN,Nashville,4328315.0,5319.0,1177657.0,555.4,42.358894,-71.056742,36.166687,-86.779932
2175,LAS,FLL,678.1355932203389,NV,Las Vegas,FL,Miami,2248047.0,1755.1,6080145.0,4758.9,36.169202,-115.140597,44.977479,-93.264346
240,LAS,BUR,1255.6694915254238,NV,Las Vegas,CA,Los Angeles,2248047.0,1755.1,11922389.0,3184.7,36.169202,-115.140597,34.052238,-118.243344
2283,LAS,LGA,282.6779661016949,NV,Las Vegas,NY,New York City,2248047.0,1755.1,18908608.0,11080.3,36.169202,-115.140597,40.123164,-75.333718
1046,BOS,STL,410.8813559322034,MA,Boston,MO,St. Louis,4328315.0,5319.0,2130881.0,1864.3,42.358894,-71.056742,38.630276,-90.200309
1108,AUS,MIA,162.39655172413794,TX,Austin,FL,Miami,1905945.0,1154.1,6080145.0,4758.9,30.264979,-97.746598,44.977479,-93.264346
1238,AUS,LGB,120.69491525423729,TX,Austin,CA,Los Angeles,1905945.0,1154.1,11922389.0,3184.7,30.264979,-97.746598,34.052238,-118.243344
1284,BOS,MIA,995.0169491525423,MA,Boston,FL,Miami,4328315.0,5319.0,6080145.0,4758.9,42.358894,-71.056742,44.977479,-93.264346
290,BOS,PHL,1444.593220338983,MA,Boston,PA,Philadelphia,4328315.0,5319.0,5683533.0,4578.4,42.358894,-71.056742,39.951061,-75.16562
1671,LAX,MSY,791.2457627118644,CA,Los Angeles,LA,New Orleans,11922389.0,3184.7,932759.0,866.5,34.052238,-118.243344,29.950621,-90.074948
651,PHX,SJC,1046.8474576271187,AZ,Phoenix,CA,San Francisco,4064275.0,1198.9,3364979.0,7030.7,30.406931,-87.217578,37.78008,-122.420168
156,AUS,IAH,134.92307692307693,TX,Austin,TX,Houston,1905945.0,1154.1,5970127.0,1384.0,30.264979,-97.746598,29.760803,-95.369506
1998,PHX,BWI,778.0338983050848,AZ,Phoenix,DC,Washington,4064275.0,1198.9,5116378.0,4235.7,30.406931,-87.217578,38.892062,-77.019912
183,AUS,DAL,875.0508474576271,TX,Austin,TX,Dallas,1905945.0,1154.1,5830932.0,1478.7,30.264979,-97.746598,40.11086,-77.035636
709,BOS,DAY,152.65753424657535,MA,Boston,OH,Dayton,4328315.0,5319.0,668825.0,950.0,42.358894,-71.056742,39.760982,-84.192203
396,BOS,BUF,395.5357142857143,MA,Boston,NY,Buffalo,4328315.0,5319.0,944589.0,2645.7,42.358894,-71.056742,39.945422,-78.64671
1695,AUS,MHT,43.21186440677966,TX,Austin,MA,Boston,1905945.0,1154.1,4328315.0,5319.0,30.264979,-97.746598,42.358894,-71.056742
1842,LAX,SDF,174.03389830508473,CA,Los Angeles,KY,Louisville,11922389.0,3184.7,963812.0,923.1,34.052238,-118.243344,38.256078,-85.751569
160,AUS,HOU,343.8942307692308,TX,Austin,TX,Houston,1905945.0,1154.1,5970127.0,1384.0,30.264979,-97.746598,29.760803,-95.369506
2155,LAS,ORF,213.73333333333332,NV,Las Vegas,VA,Norfolk,2248047.0,1755.1,236973.0,1717.4,36.169202,-115.140597,36.846164,-76.285913
1238,AUS,BUR,62.228813559322035,TX,Austin,CA,Los Angeles,1905945.0,1154.1,11922389.0,3184.7,30.264979,-97.746598,34.052238,-118.243344
1998,PHX,IAD,244.38135593220338,AZ,Phoenix,DC,Washington,4064275.0,1198.9,5116378.0,4235.7,30.406931,-87.217578,38.892062,-77.019912
1282,BOS,OMA,123.37288135593221,MA,Boston,NE,Omaha,4328315.0,5319.0,821345.0,1323.9,42.358894,-71.056742,46.07035,-93.666319
1766,BOS,DEN,1237.3813559322034,MA,Boston,CO,Denver,4328315.0,5319.0,2687458.0,1792.9,42.358894,-71.056742,39.738453,-104.984853
1556,AUS,ISP,17.338983050847457,TX,Austin,NY,New York City,1905945.0,1154.1,18908608.0,11080.3,30.264979,-97.746598,40.123164,-75.333718
928,AUS,PIE,37.125,TX,Austin,FL,Tampa,1905945.0,1154.1,2861173.0,1320.9,30.264979,-97.746598,37.8606,-78.804199
1340,AUS,DCA,276.27966101694915,TX,Austin,DC,Washington,1905945.0,1154.1,5116378.0,4235.7,30.264979,-97.746598,38.892062,-77.019912
302,LAX,MRY,173.0,CA,Los Angeles,CA,Salinas,11922389.0,3184.7,177410.0,2672.8,34.052238,-118.243344,36.676795,-121.656421
972,AUS,ORD,666.3898305084746,TX,Austin,IL,Chicago,1905945.0,1154.1,8497759.0,4614.5,30.264979,-97.746598,41.775002,-87.696388
2283,LAS,SWF,16.743362831858406,NV,Las Vegas,NY,New York City,2248047.0,1755.1,18908608.0,11080.3,36.169202,-115.140597,40.123164,-75.333718
1556,AUS,SWF,12.669811320754716,TX,Austin,NY,New York City,1905945.0,1154.1,18908608.0,11080.299999999997,30.264979,-97.746598,40.123164,-75.333718
183,AUS,DFW,331.8474576271187,TX,Austin,TX,Dallas,1905945.0,1154.1,5830932.0,1478.7,30.264979,-97.746598,40.11086,-77.035636
1556,AUS,JFK,490.22033898305085,TX,Austin,NY,New York City,1905945.0,1154.1,18908608.0,11080.3,30.264979,-97.746598,40.123164,-75.333718
1499,AUS,OAK,165.84745762711864,TX,Austin,CA,San Francisco,1905945.0,1154.1,3364979.0,7030.7,30.264979,-97.746598,37.78008,-122.420168
1695,AUS,BOS,460.8728813559322,TX,Austin,MA,Boston,1905945.0,1154.1,4328315.0,5319.0,30.264979,-97.746598,42.358894,-71.056742
1687,LAX,MSN,119.17857142857143,CA,Los Angeles,WI,Madison,11922389.0,3184.7,451652.0,1268.3,34.052238,-118.243344,43.073926,-89.385244
932,BOS,MSN,132.0,MA,Boston,WI,Madison,4328315.0,5319.0,451652.0,1268.3,42.358894,-71.056742,43.073926,-89.385244
1108,AUS,FLL,287.48275862068965,TX,Austin,FL,Miami,1905945.0,1154.1,6080145.0,4758.9,30.264979,-97.746598,44.977479,-93.264346
399,LAX,STS,198.38095238095238,CA,Los Angeles,CA,Santa Rosa,11922389.0,3184.7,296180.0,1618.1,34.052238,-118.243344,38.439698,-122.715642
1556,AUS,HPN,16.661016949152543,TX,Austin,NY,New York City,1905945.0,1154.1,18908608.0,11080.3,30.264979,-97.746598,40.123164,-75.333718
1238,AUS,ONT,99.41525423728814,TX,Austin,CA,Los Angeles,1905945.0,1154.1,11922389.0,3184.7,30.264979,-97.746598,34.052238,-118.243344
1556,AUS,EWR,514.3050847457627,TX,Austin,NY,New York City,1905945.0,1154.1,18908608.0,11080.3,30.264979,-97.746598,40.123164,-75.333718
1499,AUS,SJC,511.40677966101697,TX,Austin,CA,San Francisco,1905945.0,1154.1,3364979.0,7030.7,30.264979,-97.746598,37.78008,-122.420168
256,LAS,PHX,1663.2941176470588,NV,Las Vegas,AZ,Phoenix,2248047.0,1755.1,4064275.0,1198.9,36.169202,-115.140597,30.406931,-87.217578
1556,AUS,LGA,242.07627118644066,TX,Austin,NY,New York City,1905945.0,1154.1,18908608.0,11080.3,30.264979,-97.746598,40.123164,-75.333718
1238,AUS,LAX,892.3728813559322,TX,Austin,CA,Los Angeles,1905945.0,1154.1,11922389.0,3184.7,30.264979,-97.746598,34.052238,-118.243344
2349,LAX,MIA,1211.3050847457628,CA,Los Angeles,FL,Miami,11922389.0,3184.7,6080145.0,4758.9,34.052238,-118.243344,44.977479,-93.264346
1499,AUS,SFO,595.4152542372881,TX,Austin,CA,San Francisco,1905945.0,1154.1,3364979.0,7030.7,30.264979,-97.746598,37.78008,-122.420168
2238,LAX,RDU,460.85593220338984,CA,Los Angeles,NC,Raleigh,11922389.0,3184.7,1163152.0,1210.0,34.052238,-118.243344,42.673348,-72.179683
972,AUS,MDW,233.01694915254237,TX,Austin,IL,Chicago,1905945.0,1154.1,8497759.0,4614.5,30.264979,-97.746598,41.775002,-87.696388
2349,LAX,FLL,1061.2881355932204,CA,Los Angeles,FL,Miami,11922389.0,3184.7,6080145.0,4758.9,34.052238,-118.243344,44.977479,-93.264346
423,LAX,STS,198.38095238095238,CA,Los Angeles,CA,Santa Rosa,11922389.0,3184.7,296180.0,1618.1,34.052238,-118.243344,38.439698,-122.715642
240,LAS,ONT,573.2203389830509,NV,Las Vegas,CA,Los Angeles,2248047.0,1755.1,11922389.0,3184.7,36.169202,-115.140597,34.052238,-118.243344
255,LAS,PHX,1663.2941176470588,NV,Las Vegas,AZ,Phoenix,2248047.0,1755.1,4064275.0,1198.9,36.169202,-115.140597,30.406931,-87.217578
1397,BOS,EYW,171.75,MA,Boston,FL,Key West,4328315.0,5319.0,26078.0,1798.2,42.358894,-71.056742,70.129129,-143.63129
1124,PHX,SEA,2283.3582089552237,AZ,Phoenix,WA,Seattle,4064275.0,1198.9,3561397.0,3376.6,30.406931,-87.217578,47.603229,-122.33028
516,PHX,SLC,1268.1692307692308,AZ,Phoenix,UT,Salt Lake City,4064275.0,1198.9,1173879.0,700.8,30.406931,-87.217578,40.758478,-111.888142
240,LAS,SNA,872.957627118644,NV,Las Vegas,CA,Los Angeles,2248047.0,1755.1,11922389.0,3184.7,36.169202,-115.140597,34.052238,-118.243344
240,LAS,LGB,500.01,NV,Las Vegas,CA,Los Angeles,2248047.0,1755.1,11922389.0,3184.7,36.169202,-115.140597,34.052238,-118.243344
400,LAX,STS,198.38095238095238,CA,Los Angeles,CA,Santa Rosa,11922389.0,3184.7,296180.0,1618.1,34.052238,-118.243344,38.439698,-122.715642
