airport_1,airport_2,year_coeff,nsmiles,a,b,airport_1_2,city_1,state_1,airport_2.1,city_2,state_2,population_1,density_1,lat_1,lon_1,population_2,density_2,lat_2,lon_2
AUS,IAD,-0.009039018,1342,353.0795727,0.000287919,AUS_IAD,Austin,TX,IAD,Washington,DC,1905945,1154.1,30.3005,-97.7522,5116378,4235.7,38.9047,-77.0163
BNA,IAD,0.013684142,587,300.2160952,0.000730667,BNA_IAD,Nashville,TN,IAD,Washington,DC,1177657,555.4,36.1715,-86.7842,5116378,4235.7,38.9047,-77.0163
BOS,GRR,0.034154786,740,391.9657592,0.001834284,BOS_GRR,Boston,MA,GRR,Grand Rapids,MI,4328315,5319,42.3188,-71.0852,609023,1708.2,42.9619,-85.6562
BOS,IND,-0.000761097,818,253.1277754,7.37E-05,BOS_IND,Boston,MA,IND,Indianapolis,IN,4328315,5319,42.3188,-71.0852,1729849,941.8,39.7771,-86.1458
BOS,ORF,0.010823479,487,215.8656962,0.000174883,BOS_ORF,Boston,MA,ORF,Norfolk,VA,4328315,5319,42.3188,-71.0852,236973,1717.4,36.8945,-76.259
BOS,SAV,0.023508376,917,201.8417351,0,BOS_SAV,Boston,MA,SAV,Savannah,GA,4328315,5319,42.3188,-71.0852,316050,524.8,32.0286,-81.1821
BOS,SRQ,0.01959646,1240,224.9538791,0,BOS_SRQ,Boston,MA,SRQ,Sarasota,FL,4328315,5319,42.3188,-71.0852,55508,1458.3,27.3387,-82.5432
FLL,BNA,0.019157516,806,242.9158228,0.000237672,FLL_BNA,Fort Lauderdale,FL,BNA,Nashville,TN,182673,2039.5,26.1412,-80.1464,1177657,555.4,36.1715,-86.7842
FLL,ORF,0.012855805,812,275.8596254,0.001321875,FLL_ORF,Fort Lauderdale,FL,ORF,Norfolk,VA,182673,2039.5,26.1412,-80.1464,236973,1717.4,36.8945,-76.259
FLL,PBG,-0.035780911,1355,129.1631316,0,FLL_PBG,Fort Lauderdale,FL,PBG,Plattsburgh,NY,182673,2039.5,26.1412,-80.1464,19907,1525.5,44.6951,-73.4563
FLL,SWF,0.010974968,1139,209.7347121,0.000314728,FLL_SWF,Fort Lauderdale,FL,SWF,Newburgh,NY,182673,2039.5,26.1412,-80.1464,28237,758,41.519722,-74.021389
FLL,SYR,0.008364226,1217,178.7518821,0,FLL_SYR,Fort Lauderdale,FL,SYR,Syracuse,NY,182673,2039.5,26.1412,-80.1464,410732,2251.6,43.0407,-76.1437
JAX,IAD,0.016750457,663,212.2484281,0.000159899,JAX_IAD,Jacksonville,FL,IAD,Washington,DC,1288298,491,30.3322,-81.6749,5116378,4235.7,38.9047,-77.0163
JAX,ORF,0.023543035,547,190.6450521,0.000111464,JAX_ORF,Jacksonville,FL,ORF,Norfolk,VA,1288298,491,30.3322,-81.6749,236973,1717.4,36.8945,-76.259
LAS,AZA,0.009617592,276,275.0502594,0.007639277,LAS_AZA,Las Vegas,NV,AZA,Mesa,AZ,2248047,1755.1,36.2333,-115.2654,503390,1379.8,33.4015,-111.7178
LAS,LAX,0.019287978,236,121.8419721,2.00E-06,LAS_LAX,Las Vegas,NV,LAX,Los Angeles,CA,2248047,1755.1,36.2333,-115.2654,11922389,3184.7,34.1141,-118.4068
LAX,GEG,0.018113138,962,194.1895181,0,LAX_GEG,Los Angeles,CA,GEG,Spokane,WA,11922389,3184.7,34.1141,-118.4068,456219,1279.8,47.6671,-117.433
LAX,ICT,0.000619089,1203,240.1477766,0.000323584,LAX_ICT,Los Angeles,CA,ICT,Wichita,KS,11922389,3184.7,34.1141,-118.4068,509003,938.6,37.6895,-97.3443
LAX,MEM,-0.000544504,1619,278.2754513,0.000169286,LAX_MEM,Los Angeles,CA,MEM,Memphis,TN,11922389,3184.7,34.1141,-118.4068,1037998,824.8,35.1087,-89.9663
LAX,MFR,0.007752922,659,203.4089197,0.000649472,LAX_MFR,Los Angeles,CA,MFR,Medford,OR,11922389,3184.7,34.1141,-118.4068,168959,1191.6,42.3372,-122.854
LAX,MSO,0.010701924,935,436.4331884,0.003725836,LAX_MSO,Los Angeles,CA,MSO,Missoula,MT,11922389,3184.7,34.1141,-118.4068,88780,828.8,46.8751,-114.0214
LAX,OMA,0.014758776,1330,241.963177,0.00016086,LAX_OMA,Los Angeles,CA,OMA,Omaha,NE,11922389,3184.7,34.1141,-118.4068,821345,1323.9,41.2627,-96.0529
LAX,PSC,0.036975828,871,136.0299734,0,LAX_PSC,Los Angeles,CA,PSC,Pasco,WA,11922389,3184.7,34.1141,-118.4068,77274,873.1,46.2506,-119.1305
LAX,SGF,-0.01004379,1423,1356.21841,0.008490153,LAX_SGF,Los Angeles,CA,SGF,Springfield,MO,11922389,3184.7,34.1141,-118.4068,286280,784.5,37.1943,-93.2916
LAX,TUL,0.012427206,1283,307.8728998,0.00069274,LAX_TUL,Los Angeles,CA,TUL,Tulsa,OK,11922389,3184.7,34.1141,-118.4068,731743,804.2,36.1283,-95.9042
MDW,SAV,0.020721621,773,196.1702719,0.000218423,MDW_SAV,Chicago,IL,SAV,Savannah,GA,8497759,4614.5,41.8375,-87.6866,316050,524.8,32.0286,-81.1821
MYR,SWF,0.003634024,601,557.8338571,0.008205007,MYR_SWF,Myrtle Beach,SC,SWF,Newburgh,NY,332181,594.6,33.7094,-78.8844,28237,758,41.519722,-74.021389
PHX,FSD,0.028269027,1081,508.0379723,0.003244932,PHX_FSD,Phoenix,AZ,FSD,Sioux Falls,SD,4064275,1198.9,33.5722,-112.0892,204484,926,43.5396,-96.7311
PHX,GEG,0.011787333,1020,207.0388656,0,PHX_GEG,Phoenix,AZ,GEG,Spokane,WA,4064275,1198.9,33.5722,-112.0892,456219,1279.8,47.6671,-117.433
PHX,ICT,0.002756078,870,216.9004407,0.000247734,PHX_ICT,Phoenix,AZ,ICT,Wichita,KS,4064275,1198.9,33.5722,-112.0892,509003,938.6,37.6895,-97.3443
PHX,PDX,0.010845173,1009,206.3830653,2.70E-05,PHX_PDX,Phoenix,AZ,PDX,Portland,OR,4064275,1198.9,33.5722,-112.0892,2095808,1868.8,45.5371,-122.65
PHX,PIT,0.030868991,1814,298.972583,0.00012467,PHX_PIT,Phoenix,AZ,PIT,Pittsburgh,PA,4064275,1198.9,33.5722,-112.0892,1749091,2118.5,40.4397,-79.9763
PHX,PVU,-0.030348888,477,167.8037028,0.003006432,PHX_PVU,Phoenix,AZ,PVU,Provo,UT,4064275,1198.9,33.5722,-112.0892,619218,1059.2,40.2457,-111.6457
SNA,GEG,0.013644144,962,220.4102541,0.000223613,SNA_GEG,Santa Ana,CA,GEG,Spokane,WA,311379,4391.5,33.7367,-117.8819,456219,1279.8,47.6671,-117.433
SNA,MFR,0.011145556,659,670.7437599,0.007887135,SNA_MFR,Santa Ana,CA,MFR,Medford,OR,311379,4391.5,33.7367,-117.8819,168959,1191.6,42.3372,-122.854
SRQ,IAD,0.010195001,880,196.6070376,0.000275731,SRQ_IAD,Sarasota,FL,IAD,Washington,DC,55508,1458.3,27.3387,-82.5432,5116378,4235.7,38.9047,-77.0163
VPS,BWI,-0.018859872,819,181.5249814,0,VPS_BWI,Valparaiso,FL,BWI,Baltimore,MD,4889,160.8,30.4926,-86.5079,2196524,2788.2,39.3051,-76.6144
AUS,DAL,0.043960648,190,170.1743191,4.20E-06,AUS_DAL,Austin,TX,DAL,Dallas,TX,1905945,1154.1,30.3005,-97.7522,5830932,1478.7,32.7935,-96.7667
AUS,DFW,0.029722024,190,178.8193908,0,AUS_DFW,Austin,TX,DFW,Dallas,TX,1905945,1154.1,30.3005,-97.7522,5830932,1478.7,32.7935,-96.7667
AUS,PHX,0.00658574,872,228.5198312,2.99E-05,AUS_PHX,Austin,TX,PHX,Phoenix,AZ,1905945,1154.1,30.3005,-97.7522,4064275,1198.9,33.5722,-112.0892
AUS,BOS,-0.018392961,1698,265.6715752,6.15E-05,AUS_BOS,Austin,TX,BOS,Boston,MA,1905945,1154.1,30.3005,-97.7522,4328315,5319,42.3188,-71.0852
AUS,PVD,0.019128754,1698,1333.07701,0.009536441,AUS_PVD,Austin,TX,PVD,Providence,RI,1905945,1154.1,30.3005,-97.7522,1290271,3979.7,41.823,-71.4187
AUS,BWI,0.015490909,1342,243.5424211,1.02E-05,AUS_BWI,Austin,TX,BWI,Baltimore,MD,1905945,1154.1,30.3005,-97.7522,2196524,2788.2,39.3051,-76.6144
AUS,DCA,-0.004240269,1342,267.0174928,0,AUS_DCA,Austin,TX,DCA,Washington,DC,1905945,1154.1,30.3005,-97.7522,5116378,4235.7,38.9047,-77.0163
AUS,MDW,-0.003621186,977,217.7672234,8.22E-05,AUS_MDW,Austin,TX,MDW,Chicago,IL,1905945,1154.1,30.3005,-97.7522,8497759,4614.5,41.8375,-87.6866
AUS,ORD,0.001893091,977,238.6812776,4.11E-05,AUS_ORD,Austin,TX,ORD,Chicago,IL,1905945,1154.1,30.3005,-97.7522,8497759,4614.5,41.8375,-87.6866
AUS,EWR,-0.026894298,1559,270.3169727,5.45E-05,AUS_EWR,Austin,TX,EWR,New York,NY,1905945,1154.1,30.3005,-97.7522,18908608,11080.3,40.6943,-73.9249
AUS,JFK,0.00965158,1559,264.0751448,4.17E-05,AUS_JFK,Austin,TX,JFK,New York,NY,1905945,1154.1,30.3005,-97.7522,18908608,11080.3,40.6943,-73.9249
AUS,LGA,-0.01126434,1559,263.156114,0.000190774,AUS_LGA,Austin,TX,LGA,New York,NY,1905945,1154.1,30.3005,-97.7522,18908608,11080.3,40.6943,-73.9249
AUS,OAK,0.007991403,1504,226.1446571,0,AUS_OAK,Austin,TX,OAK,Oakland,CA,1905945,1154.1,30.3005,-97.7522,437825,3020.6,37.7904,-122.2166
AUS,SFO,0.002389193,1504,270.4709314,3.84E-05,AUS_SFO,Austin,TX,SFO,San Francisco,CA,1905945,1154.1,30.3005,-97.7522,3364979,7030.7,37.7558,-122.4449
AUS,SJC,0.001651229,1504,265.3270384,8.07E-05,AUS_SJC,Austin,TX,SJC,San Jose,CA,1905945,1154.1,30.3005,-97.7522,1771413,2172.6,37.3012,-121.848
AUS,FLL,-0.010443594,1105,166.8037914,0,AUS_FLL,Austin,TX,FLL,Fort Lauderdale,FL,1905945,1154.1,30.3005,-97.7522,182673,2039.5,26.1412,-80.1464
AUS,MIA,-0.003429981,1105,236.3017835,0.000125524,AUS_MIA,Austin,TX,MIA,Miami,FL,1905945,1154.1,30.3005,-97.7522,6080145,4758.9,25.784,-80.2101
AUS,BUR,0.014035541,1242,221.6983857,0,AUS_BUR,Austin,TX,BUR,Burbank,CA,1905945,1154.1,30.3005,-97.7522,106389,2372.2,34.1879,-118.3235
AUS,LAX,0.002362522,1242,224.663788,3.92E-05,AUS_LAX,Austin,TX,LAX,Los Angeles,CA,1905945,1154.1,30.3005,-97.7522,11922389,3184.7,34.1141,-118.4068
AUS,LGB,-0.001637298,1242,192.0625218,0.000225418,AUS_LGB,Austin,TX,LGB,Long Beach,CA,1905945,1154.1,30.3005,-97.7522,462293,3522.5,33.7977,-118.167
AUS,ONT,0.014537929,1242,240.1121094,0.00052793,AUS_ONT,Austin,TX,ONT,Ontario,CA,1905945,1154.1,30.3005,-97.7522,176326,1362,34.0393,-117.6064
AUS,SNA,0.007951059,1242,255.6345954,0.000186737,AUS_SNA,Austin,TX,SNA,Santa Ana,CA,1905945,1154.1,30.3005,-97.7522,311379,4391.5,33.7367,-117.8819
AUS,TPA,0.010213872,928,215.642991,0,AUS_TPA,Austin,TX,TPA,Tampa,FL,1905945,1154.1,30.3005,-97.7522,2861173,1320.9,27.9945,-82.4447
PHX,SEA,0.001104809,1107,196.8979667,1.87E-05,PHX_SEA,Phoenix,AZ,SEA,Seattle,WA,4064275,1198.9,33.5722,-112.0892,3561397,3376.6,47.6211,-122.3244
PHX,BWI,0.020152642,1999,267.6121189,0,PHX_BWI,Phoenix,AZ,BWI,Baltimore,MD,4064275,1198.9,33.5722,-112.0892,2196524,2788.2,39.3051,-76.6144
PHX,DCA,0.003577658,1999,321.2891464,0,PHX_DCA,Phoenix,AZ,DCA,Washington,DC,4064275,1198.9,33.5722,-112.0892,5116378,4235.7,38.9047,-77.0163
PHX,IAD,0.000555846,1999,354.9381078,0.000163546,PHX_IAD,Phoenix,AZ,IAD,Washington,DC,4064275,1198.9,33.5722,-112.0892,5116378,4235.7,38.9047,-77.0163
PHX,STL,0.019411312,1262,248.2507324,5.23E-05,PHX_STL,Phoenix,AZ,STL,St. Louis,MO,4064275,1198.9,33.5722,-112.0892,2130881,1864.3,38.6359,-90.2451
PHX,OAK,0.026551591,668,172.2006908,2.20E-05,PHX_OAK,Phoenix,AZ,OAK,Oakland,CA,4064275,1198.9,33.5722,-112.0892,437825,3020.6,37.7904,-122.2166
PHX,SFO,0.021083484,668,174.911193,1.56E-05,PHX_SFO,Phoenix,AZ,SFO,San Francisco,CA,4064275,1198.9,33.5722,-112.0892,3364979,7030.7,37.7558,-122.4449
PHX,SJC,0.027161154,668,191.5627646,1.61E-05,PHX_SJC,Phoenix,AZ,SJC,San Jose,CA,4064275,1198.9,33.5722,-112.0892,1771413,2172.6,37.3012,-121.848
PHX,SMF,0.024454044,647,192.0589078,2.14E-05,PHX_SMF,Phoenix,AZ,SMF,Sacramento,CA,4064275,1198.9,33.5722,-112.0892,1957738,2049.4,38.5677,-121.4685
PHX,TPA,0.022724737,1788,272.4412795,0,PHX_TPA,Phoenix,AZ,TPA,Tampa,FL,4064275,1198.9,33.5722,-112.0892,2861173,1320.9,27.9945,-82.4447
PHX,SAT,0.007278007,843,227.4628481,4.86E-05,PHX_SAT,Phoenix,AZ,SAT,San Antonio,TX,4064275,1198.9,33.5722,-112.0892,2058444,1118.8,29.4632,-98.5238
PHX,SAN,0.030327869,324,157.9127084,3.88E-06,PHX_SAN,Phoenix,AZ,SAN,San Diego,CA,4064275,1198.9,33.5722,-112.0892,3046560,1639.7,32.8313,-117.1222
PHX,RDU,0.024709014,1891,271.0602642,0,PHX_RDU,Phoenix,AZ,RDU,Raleigh,NC,4064275,1198.9,33.5722,-112.0892,1163152,1210,35.8324,-78.6429
PHX,RNO,0.019364232,601,191.9036506,3.95E-05,PHX_RNO,Phoenix,AZ,RNO,Reno,NV,4064275,1198.9,33.5722,-112.0892,457702,940.5,39.5497,-119.8483
PHX,SLC,0.008627982,507,179.5322816,1.17E-05,PHX_SLC,Phoenix,AZ,SLC,Salt Lake City,UT,4064275,1198.9,33.5722,-112.0892,1173879,700.8,40.7776,-111.9311
PHX,TUL,0.01188921,935,235.2069738,0,PHX_TUL,Phoenix,AZ,TUL,Tulsa,OK,4064275,1198.9,33.5722,-112.0892,731743,804.2,36.1283,-95.9042
BOS,DAL,-0.000909976,1562,215.2472709,0.000382556,BOS_DAL,Boston,MA,DAL,Dallas,TX,4328315,5319,42.3188,-71.0852,5830932,1478.7,32.7935,-96.7667
BOS,DFW,-0.018975945,1562,260.4260661,2.90E-05,BOS_DFW,Boston,MA,DFW,Dallas,TX,4328315,5319,42.3188,-71.0852,5830932,1478.7,32.7935,-96.7667
BOS,PIT,-0.011912095,496,172.460227,2.53E-05,BOS_PIT,Boston,MA,PIT,Pittsburgh,PA,4328315,5319,42.3188,-71.0852,1749091,2118.5,40.4397,-79.9763
BOS,DEN,-0.00375132,1754,282.2951787,2.64E-05,BOS_DEN,Boston,MA,DEN,Denver,CO,4328315,5319,42.3188,-71.0852,2687458,1792.9,39.762,-104.8758
BOS,PHX,0.00844025,2300,314.1848133,5.49E-05,BOS_PHX,Boston,MA,PHX,Phoenix,AZ,4328315,5319,42.3188,-71.0852,4064275,1198.9,33.5722,-112.0892
BOS,SEA,-0.005895122,2496,274.3254363,0,BOS_SEA,Boston,MA,SEA,Seattle,WA,4328315,5319,42.3188,-71.0852,3561397,3376.6,47.6211,-122.3244
BOS,CAK,-0.009191881,563,154.5909399,0,BOS_CAK,Boston,MA,CAK,Akron,OH,4328315,5319,42.3188,-71.0852,541945,1186.2,41.0798,-81.5219
BOS,CLE,-0.011284277,563,209.8108347,8.90E-05,BOS_CLE,Boston,MA,CLE,Cleveland,OH,4328315,5319,42.3188,-71.0852,1680247,1839.6,41.4764,-81.6805
BOS,BNA,0.000718215,942,208.5869762,4.57E-05,BOS_BNA,Boston,MA,BNA,Nashville,TN,4328315,5319,42.3188,-71.0852,1177657,555.4,36.1715,-86.7842
BOS,BUF,-3.28E-05,395,150.547459,5.69E-05,BOS_BUF,Boston,MA,BUF,Buffalo,NY,4328315,5319,42.3188,-71.0852,944589,2645.7,42.9018,-78.8487
BOS,BZN,0.099424712,1991,335.9184568,0,BOS_BZN,Boston,MA,BZN,Bozeman,MT,4328315,5319,42.3188,-71.0852,65279,990.1,45.6833,-111.0558
BOS,BWI,-0.000109421,418,139.4810612,1.63E-05,BOS_BWI,Boston,MA,BWI,Baltimore,MD,4328315,5319,42.3188,-71.0852,2196524,2788.2,39.3051,-76.6144
BOS,DCA,-0.008691661,418,161.1843808,1.80E-06,BOS_DCA,Boston,MA,DCA,Washington,DC,4328315,5319,42.3188,-71.0852,5116378,4235.7,38.9047,-77.0163
BOS,IAD,0.006168937,418,167.4292218,1.12E-05,BOS_IAD,Boston,MA,IAD,Washington,DC,4328315,5319,42.3188,-71.0852,5116378,4235.7,38.9047,-77.0163
BOS,MDW,0.000141479,867,148.949593,0,BOS_MDW,Boston,MA,MDW,Chicago,IL,4328315,5319,42.3188,-71.0852,8497759,4614.5,41.8375,-87.6866
BOS,ORD,-0.016498718,867,187.7236166,7.36E-06,BOS_ORD,Boston,MA,ORD,Chicago,IL,4328315,5319,42.3188,-71.0852,8497759,4614.5,41.8375,-87.6866
BOS,CHS,0.007793279,836,214.5060616,6.03E-05,BOS_CHS,Boston,MA,CHS,Charleston,SC,4328315,5319,42.3188,-71.0852,706884,503.3,32.8168,-79.9687
BOS,CLT,-0.006067167,737,173.0332621,0,BOS_CLT,Boston,MA,CLT,Charlotte,NC,4328315,5319,42.3188,-71.0852,1427444,1089.8,35.2083,-80.8303
BOS,CMH,0.013960875,640,242.265917,7.05E-05,BOS_CMH,Boston,MA,CMH,Columbus,OH,4328315,5319,42.3188,-71.0852,1572546,1581,39.9862,-82.9855
BOS,STL,-0.006885797,1047,257.6356602,0,BOS_STL,Boston,MA,STL,St. Louis,MO,4328315,5319,42.3188,-71.0852,2130881,1864.3,38.6359,-90.2451
BOS,MYR,0.008159496,756,134.8315125,0,BOS_MYR,Boston,MA,MYR,Myrtle Beach,SC,4328315,5319,42.3188,-71.0852,332181,594.6,33.7094,-78.8844
BOS,JAX,0.006386484,1028,184.55785,0,BOS_JAX,Boston,MA,JAX,Jacksonville,FL,4328315,5319,42.3188,-71.0852,1288298,491,30.3322,-81.6749
BOS,DTW,-0.008363155,632,250.5356449,0.000105062,BOS_DTW,Boston,MA,DTW,Detroit,MI,4328315,5319,42.3188,-71.0852,3725908,1772.2,42.3834,-83.1024
BOS,HOU,-0.003805762,1609,253.3346079,0.000366951,BOS_HOU,Boston,MA,HOU,Houston ,TX,4328315,5319,42.3188,-71.0852,5970127,1384,29.786,-95.3885
BOS,IAH,-0.011122435,1609,296.8886497,5.17E-05,BOS_IAH,Boston,MA,IAH,Houston,TX,4328315,5319,42.3188,-71.0852,5970127,1384,29.786,-95.3885
BOS,MCO,0.016152668,1142,184.5660072,0,BOS_MCO,Boston,MA,MCO,Orlando,FL,4328315,5319,42.3188,-71.0852,1882705,1070.2,28.4773,-81.337
BOS,MSP,-0.011009851,1124,257.1673171,2.91E-05,BOS_MSP,Boston,MA,MSP,Minneapolis,MN,4328315,5319,42.3188,-71.0852,2892569,3052.2,44.9635,-93.2678
BOS,EWR,-0.002213647,200,173.1985522,0,BOS_EWR,Boston,MA,EWR,Newark,NJ,4328315,5319,42.3188,-71.0852,307355,4915.2,40.7245,-74.1725
BOS,JFK,0.020390885,200,181.3318434,9.07E-05,BOS_JFK,Boston,MA,JFK,New York,NY,4328315,5319,42.3188,-71.0852,18908608,11080.3,40.6943,-73.9249
BOS,LGA,0.021378714,200,198.6528601,6.78E-08,BOS_LGA,Boston,MA,LGA,New York,NY,4328315,5319,42.3188,-71.0852,18908608,11080.3,40.6943,-73.9249
BOS,RSW,0.022830409,1271,236.4075518,2.30E-05,BOS_RSW,Boston,MA,RSW,Fort Myers,FL,4328315,5319,42.3188,-71.0852,88699,858.3,26.6194,-81.8302
BOS,LAS,0.01840077,2381,266.3892748,0,BOS_LAS,Boston,MA,LAS,Las Vegas,NV,4328315,5319,42.3188,-71.0852,2248047,1755.1,36.2333,-115.2654
BOS,OAK,-0.010915848,2704,296.1371404,0.000275217,BOS_OAK,Boston,MA,OAK,Oakland,CA,4328315,5319,42.3188,-71.0852,437825,3020.6,37.7904,-122.2166
BOS,SFO,-0.004829582,2704,393.0039336,1.88E-05,BOS_SFO,Boston,MA,SFO,San Francisco,CA,4328315,5319,42.3188,-71.0852,3364979,7030.7,37.7558,-122.4449
BOS,SJC,-0.013104312,2704,332.1699038,0.0002661,BOS_SJC,Boston,MA,SJC,San Jose,CA,4328315,5319,42.3188,-71.0852,1771413,2172.6,37.3012,-121.848
BOS,FLL,0.013106555,1283,203.9119735,2.58E-05,BOS_FLL,Boston,MA,FLL,Fort Lauderdale,FL,4328315,5319,42.3188,-71.0852,182673,2039.5,26.1412,-80.1464
BOS,MIA,0.006495739,1283,212.485968,0,BOS_MIA,Boston,MA,MIA,Miami,FL,4328315,5319,42.3188,-71.0852,6080145,4758.9,25.784,-80.2101
BOS,BUR,-0.005100615,2611,258.7634766,0.000524454,BOS_BUR,Boston,MA,BUR,Burbank,CA,4328315,5319,42.3188,-71.0852,106389,2372.2,34.1879,-118.3235
BOS,LAX,-0.000386334,2611,305.6576183,0,BOS_LAX,Boston,MA,LAX,Los Angeles,CA,4328315,5319,42.3188,-71.0852,11922389,3184.7,34.1141,-118.4068
BOS,LGB,-0.001774317,2611,261.8647975,0.000119213,BOS_LGB,Boston,MA,LGB,Long Beach,CA,4328315,5319,42.3188,-71.0852,462293,3522.5,33.7977,-118.167
BOS,ONT,0.005193165,2611,456.5791314,0.001750926,BOS_ONT,Boston,MA,ONT,Ontario,CA,4328315,5319,42.3188,-71.0852,176326,1362,34.0393,-117.6064
BOS,SNA,-0.001281754,2611,391.8161563,0.000383874,BOS_SNA,Boston,MA,SNA,Santa Ana,CA,4328315,5319,42.3188,-71.0852,311379,4391.5,33.7367,-117.8819
BOS,SDF,0.011179375,829,272.6657904,0.000151093,BOS_SDF,Boston,MA,SDF,Louisville,KY,4328315,5319,42.3188,-71.0852,963812,923.1,38.1663,-85.6485
BOS,CVG,-0.001597505,752,302.2384443,3.97E-05,BOS_CVG,Boston,MA,CVG,Cincinnati,OH,4328315,5319,42.3188,-71.0852,1692702,1530.6,39.1413,-84.506
BOS,SMF,-0.002732879,2636,301.0522747,0,BOS_SMF,Boston,MA,SMF,Sacramento,CA,4328315,5319,42.3188,-71.0852,1957738,2049.4,38.5677,-121.4685
BOS,TPA,0.01586167,1204,190.1499678,0,BOS_TPA,Boston,MA,TPA,Tampa,FL,4328315,5319,42.3188,-71.0852,2861173,1320.9,27.9945,-82.4447
BOS,MCI,0.001401769,1256,246.1165871,8.48E-05,BOS_MCI,Boston,MA,MCI,Kansas City,MO,4328315,5319,42.3188,-71.0852,1689556,620.7,39.1238,-94.5541
BOS,SAT,-0.003382764,1764,303.8372711,0.000218594,BOS_SAT,Boston,MA,SAT,San Antonio,TX,4328315,5319,42.3188,-71.0852,2058444,1118.8,29.4632,-98.5238
BOS,MKE,0.00394337,860,207.7090693,8.42E-05,BOS_MKE,Boston,MA,MKE,Milwaukee,WI,4328315,5319,42.3188,-71.0852,1290940,2301.6,43.0642,-87.9675
BOS,MSY,0.006507926,1371,212.9561048,0,BOS_MSY,Boston,MA,MSY,New Orleans,LA,4328315,5319,42.3188,-71.0852,932759,866.5,30.0687,-89.9288
BOS,SAN,-0.002965035,2588,335.5153543,5.59E-05,BOS_SAN,Boston,MA,SAN,San Diego,CA,4328315,5319,42.3188,-71.0852,3046560,1639.7,32.8313,-117.1222
BOS,PHF,0.01023422,487,485.3071975,0.008292545,BOS_PHF,Boston,MA,PHF,Newport News,VA,4328315,5319,42.3188,-71.0852,185118,1035.9,37.1051,-76.5185
BOS,PBI,0.016365755,1222,225.3717952,3.02E-05,BOS_PBI,Boston,MA,PBI,West Palm Beach,FL,4328315,5319,42.3188,-71.0852,117588,842.8,26.7469,-80.132
BOS,PDX,-0.009093236,2537,287.2091264,0,BOS_PDX,Boston,MA,PDX,Portland,OR,4328315,5319,42.3188,-71.0852,2095808,1868.8,45.5371,-122.65
BOS,PHL,9.51E-05,289,196.6974013,4.10E-05,BOS_PHL,Boston,MA,PHL,Philadelphia,PA,4328315,5319,42.3188,-71.0852,5683533,4578.4,40.0077,-75.1339
BOS,RDU,0.00316499,625,185.5563799,1.37E-05,BOS_RDU,Boston,MA,RDU,Raleigh,NC,4328315,5319,42.3188,-71.0852,1163152,1210,35.8324,-78.6429
BOS,RIC,-0.00393144,487,158.591044,3.21E-05,BOS_RIC,Boston,MA,RIC,Richmond,VA,4328315,5319,42.3188,-71.0852,1073223,1463.7,37.5295,-77.4756
BOS,SLC,0.003359031,2105,313.2079278,0,BOS_SLC,Boston,MA,SLC,Salt Lake City,UT,4328315,5319,42.3188,-71.0852,1173879,700.8,40.7776,-111.9311
LAS,PHX,0.024016578,276,143.5975271,4.32E-06,LAS_PHX,Las Vegas,NV,PHX,Phoenix,AZ,2248047,1755.1,36.2333,-115.2654,4064275,1198.9,33.5722,-112.0892
LAS,BWI,0.016586614,2106,252.5755393,6.47E-05,LAS_BWI,Las Vegas,NV,BWI,Baltimore,MD,2248047,1755.1,36.2333,-115.2654,2196524,2788.2,39.3051,-76.6144
LAS,DCA,0.014380601,2106,286.6754851,0,LAS_DCA,Las Vegas,NV,DCA,Washington,DC,2248047,1755.1,36.2333,-115.2654,5116378,4235.7,38.9047,-77.0163
LAS,IAD,0.012570416,2106,400.2989666,0.000239114,LAS_IAD,Las Vegas,NV,IAD,Washington,DC,2248047,1755.1,36.2333,-115.2654,5116378,4235.7,38.9047,-77.0163
LAS,EWR,0.012879594,2282,284.540523,0,LAS_EWR,Las Vegas,NV,EWR,Newark,NJ,2248047,1755.1,36.2333,-115.2654,307355,4915.2,40.7245,-74.1725
LAS,JFK,0.025201207,2282,293.8814522,0,LAS_JFK,Las Vegas,NV,JFK,New York,NY,2248047,1755.1,36.2333,-115.2654,18908608,11080.3,40.6943,-73.9249
LAS,LGA,0.008663025,2282,263.3172647,2.47E-05,LAS_LGA,Las Vegas,NV,LGA,New York,NY,2248047,1755.1,36.2333,-115.2654,18908608,11080.3,40.6943,-73.9249
LAS,OAK,0.017434228,414,128.1877165,0,LAS_OAK,Las Vegas,NV,OAK,Oakland,CA,2248047,1755.1,36.2333,-115.2654,437825,3020.6,37.7904,-122.2166
LAS,SFO,0.016598043,414,144.1565774,6.88E-06,LAS_SFO,Las Vegas,NV,SFO,San Francisco,CA,2248047,1755.1,36.2333,-115.2654,3364979,7030.7,37.7558,-122.4449
LAS,SJC,0.0217445,414,146.6136384,1.04E-05,LAS_SJC,Las Vegas,NV,SJC,San Jose,CA,2248047,1755.1,36.2333,-115.2654,1771413,2172.6,37.3012,-121.848
LAS,FLL,0.004897984,2174,235.0482224,0.000106935,LAS_FLL,Las Vegas,NV,FLL,Fort Lauderdale,FL,2248047,1755.1,36.2333,-115.2654,182673,2039.5,26.1412,-80.1464
LAS,MIA,0.016930146,2174,304.5472194,8.60E-05,LAS_MIA,Las Vegas,NV,MIA,Miami,FL,2248047,1755.1,36.2333,-115.2654,6080145,4758.9,25.784,-80.2101
LAS,BUR,0.030067599,236,140.0015919,4.42E-06,LAS_BUR,Las Vegas,NV,BUR,Burbank,CA,2248047,1755.1,36.2333,-115.2654,106389,2372.2,34.1879,-118.3235
LAS,LGB,0.013901628,236,101.8137582,1.62E-05,LAS_LGB,Las Vegas,NV,LGB,Long Beach,CA,2248047,1755.1,36.2333,-115.2654,462293,3522.5,33.7977,-118.167
LAS,ONT,0.026960247,236,138.5820632,3.05E-05,LAS_ONT,Las Vegas,NV,ONT,Ontario,CA,2248047,1755.1,36.2333,-115.2654,176326,1362,34.0393,-117.6064
LAS,SNA,0.022736566,236,150.4566108,9.87E-06,LAS_SNA,Las Vegas,NV,SNA,Santa Ana,CA,2248047,1755.1,36.2333,-115.2654,311379,4391.5,33.7367,-117.8819
LAS,TPA,0.017385385,1984,258.5059547,9.64E-05,LAS_TPA,Las Vegas,NV,TPA,Tampa,FL,2248047,1755.1,36.2333,-115.2654,2861173,1320.9,27.9945,-82.4447
LAS,ORF,0.02692454,2154,279.2506989,0,LAS_ORF,Las Vegas,NV,ORF,Norfolk,VA,2248047,1755.1,36.2333,-115.2654,236973,1717.4,36.8945,-76.259
LAX,PIT,-0.001298436,2136,271.6638044,4.03E-05,LAX_PIT,Los Angeles,CA,PIT,Pittsburgh,PA,11922389,3184.7,34.1141,-118.4068,1749091,2118.5,40.4397,-79.9763
LAX,TUS,0.029376525,453,156.1445122,4.01E-05,LAX_TUS,Los Angeles,CA,TUS,Tucson,AZ,11922389,3184.7,34.1141,-118.4068,878320,863.9,32.1541,-110.8787
LAX,PHX,0.030141612,370,146.0232423,6.22E-06,LAX_PHX,Los Angeles,CA,PHX,Phoenix,AZ,11922389,3184.7,34.1141,-118.4068,4064275,1198.9,33.5722,-112.0892
LAX,SEA,0.010316129,978,179.3929934,1.36E-05,LAX_SEA,Los Angeles,CA,SEA,Seattle,WA,11922389,3184.7,34.1141,-118.4068,3561397,3376.6,47.6211,-122.3244
LAX,BNA,0.007064317,1797,288.4307462,4.72E-05,LAX_BNA,Los Angeles,CA,BNA,Nashville,TN,11922389,3184.7,34.1141,-118.4068,1177657,555.4,36.1715,-86.7842
LAX,BWI,0.000491024,2329,243.4636209,2.75E-06,LAX_BWI,Los Angeles,CA,BWI,Baltimore,MD,11922389,3184.7,34.1141,-118.4068,2196524,2788.2,39.3051,-76.6144
LAX,DCA,-0.005568963,2329,343.8500005,4.34E-05,LAX_DCA,Los Angeles,CA,DCA,Washington,DC,11922389,3184.7,34.1141,-118.4068,5116378,4235.7,38.9047,-77.0163
LAX,IAD,-0.006962458,2329,309.4758219,0,LAX_IAD,Los Angeles,CA,IAD,Washington,DC,11922389,3184.7,34.1141,-118.4068,5116378,4235.7,38.9047,-77.0163
LAX,STL,0.005530018,1592,278.3855433,6.40E-05,LAX_STL,Los Angeles,CA,STL,St. Louis,MO,11922389,3184.7,34.1141,-118.4068,2130881,1864.3,38.6359,-90.2451
LAX,MCO,0.002123593,2218,283.5304559,3.67E-05,LAX_MCO,Los Angeles,CA,MCO,Orlando,FL,11922389,3184.7,34.1141,-118.4068,1882705,1070.2,28.4773,-81.337
LAX,MSP,-0.00038673,1535,251.8598718,3.25E-05,LAX_MSP,Los Angeles,CA,MSP,Minneapolis,MN,11922389,3184.7,34.1141,-118.4068,2892569,3052.2,44.9635,-93.2678
LAX,EWR,0.007588976,2510,384.9862988,1.61E-05,LAX_EWR,Los Angeles,CA,EWR,Newark,NJ,11922389,3184.7,34.1141,-118.4068,307355,4915.2,40.7245,-74.1725
LAX,HPN,-0.01521645,2510,2220.481131,0.01092432,LAX_HPN,Los Angeles,CA,HPN,White Plains,NY,11922389,3184.7,34.1141,-118.4068,59421,2356.3,41.022,-73.7547
LAX,JFK,0.005209482,2510,443.0093638,6.35E-06,LAX_JFK,Los Angeles,CA,JFK,New York,NY,11922389,3184.7,34.1141,-118.4068,18908608,11080.3,40.6943,-73.9249
LAX,LGA,-0.00509483,2510,298.4807581,0,LAX_LGA,Los Angeles,CA,LGA,New York,NY,11922389,3184.7,34.1141,-118.4068,18908608,11080.3,40.6943,-73.9249
LAX,OAK,0.02649172,372,134.9501415,8.15E-06,LAX_OAK,Los Angeles,CA,OAK,Oakland,CA,11922389,3184.7,34.1141,-118.4068,437825,3020.6,37.7904,-122.2166
LAX,SFO,0.012207581,372,136.44506,3.31E-06,LAX_SFO,Los Angeles,CA,SFO,San Francisco,CA,11922389,3184.7,34.1141,-118.4068,3364979,7030.7,37.7558,-122.4449
LAX,SJC,0.020966784,372,131.097531,0,LAX_SJC,Los Angeles,CA,SJC,San Jose,CA,11922389,3184.7,34.1141,-118.4068,1771413,2172.6,37.3012,-121.848
LAX,FLL,0.014538686,2343,253.5810356,0,LAX_FLL,Los Angeles,CA,FLL,Fort Lauderdale,FL,11922389,3184.7,34.1141,-118.4068,182673,2039.5,26.1412,-80.1464
LAX,MIA,0.003559281,2343,310.8797513,0,LAX_MIA,Los Angeles,CA,MIA,Miami,FL,11922389,3184.7,34.1141,-118.4068,6080145,4758.9,25.784,-80.2101
LAX,SDF,0.015689845,1843,418.3432997,0.000947597,LAX_SDF,Los Angeles,CA,SDF,Louisville,KY,11922389,3184.7,34.1141,-118.4068,963812,923.1,38.1663,-85.6485
LAX,SMF,0.024591275,404,145.1459222,1.38E-05,LAX_SMF,Los Angeles,CA,SMF,Sacramento,CA,11922389,3184.7,34.1141,-118.4068,1957738,2049.4,38.5677,-121.4685
LAX,TPA,0.016386709,2158,295.2254714,0,LAX_TPA,Los Angeles,CA,TPA,Tampa,FL,11922389,3184.7,34.1141,-118.4068,2861173,1320.9,27.9945,-82.4447
LAX,SAT,0.016266025,1211,253.2486159,9.92E-05,LAX_SAT,Los Angeles,CA,SAT,San Antonio,TX,11922389,3184.7,34.1141,-118.4068,2058444,1118.8,29.4632,-98.5238
LAX,MKE,0.008273625,1756,309.2516894,0.000330347,LAX_MKE,Los Angeles,CA,MKE,Milwaukee,WI,11922389,3184.7,34.1141,-118.4068,1290940,2301.6,43.0642,-87.9675
LAX,MSY,0.010184841,1670,268.4370766,5.38E-05,LAX_MSY,Los Angeles,CA,MSY,New Orleans,LA,11922389,3184.7,34.1141,-118.4068,932759,866.5,30.0687,-89.9288
LAX,ORF,0.014390595,2371,320.0009574,0,LAX_ORF,Los Angeles,CA,ORF,Norfolk,VA,11922389,3184.7,34.1141,-118.4068,236973,1717.4,36.8945,-76.259
LAX,OKC,0.022231946,1187,363.1544383,0.000555209,LAX_OKC,Los Angeles,CA,OKC,Oklahoma City,OK,11922389,3184.7,34.1141,-118.4068,998806,433.6,35.4676,-97.5136
LAX,PBI,0.006142823,2330,319.0377673,2.62E-05,LAX_PBI,Los Angeles,CA,PBI,West Palm Beach,FL,11922389,3184.7,34.1141,-118.4068,117588,842.8,26.7469,-80.132
LAX,PDX,0.015472052,859,176.1976604,2.52E-05,LAX_PDX,Los Angeles,CA,PDX,Portland,OR,11922389,3184.7,34.1141,-118.4068,2095808,1868.8,45.5371,-122.65
LAX,PHL,0.002850099,2402,337.4904173,3.66E-05,LAX_PHL,Los Angeles,CA,PHL,Philadelphia,PA,11922389,3184.7,34.1141,-118.4068,5683533,4578.4,40.0077,-75.1339
LAX,STS,0.027460181,433,160.1855334,9.46E-05,LAX_STS,Los Angeles,CA,STS,Santa Rosa,CA,11922389,3184.7,34.1141,-118.4068,296180,1618.1,38.4458,-122.7067
LAX,RDU,0.01538799,2239,290.9753194,0,LAX_RDU,Los Angeles,CA,RDU,Raleigh,NC,11922389,3184.7,34.1141,-118.4068,1163152,1210,35.8324,-78.6429
LAX,RIC,0.000303193,2305,302.7670408,0,LAX_RIC,Los Angeles,CA,RIC,Richmond,VA,11922389,3184.7,34.1141,-118.4068,1073223,1463.7,37.5295,-77.4756
LAX,RNO,0.023736264,415,148.5902939,0,LAX_RNO,Los Angeles,CA,RNO,Reno,NV,11922389,3184.7,34.1141,-118.4068,457702,940.5,39.5497,-119.8483
LAX,SLC,0.022405064,590,161.1004691,1.61E-05,LAX_SLC,Los Angeles,CA,SLC,Salt Lake City,UT,11922389,3184.7,34.1141,-118.4068,1173879,700.8,40.7776,-111.9311
LAX,SAV,0.326797775,2152,405.0333038,0.000323136,LAX_SAV,Los Angeles,CA,SAV,Savannah,GA,11922389,3184.7,34.1141,-118.4068,316050,524.8,32.0286,-81.1821
LAX,SYR,0.009611802,2351,2058.282246,0.006239502,LAX_SYR,Los Angeles,CA,SYR,Syracuse,NY,11922389,3184.7,34.1141,-118.4068,410732,2251.6,43.0407,-76.1437
AUS,CLE,0.068027824,1174,241.778237,0.000218115,AUS_CLE,Austin,TX,CLE,Cleveland,OH,1905945,1154.1,30.3005,-97.7522,1680247,1839.6,41.4764,-81.6805
AUS,CMH,0.043027249,1073,245.1887916,0.000139012,AUS_CMH,Austin,TX,CMH,Columbus,OH,1905945,1154.1,30.3005,-97.7522,1572546,1581,39.9862,-82.9855
AUS,HOU,0.028383119,148,180.3221,1.93E-05,AUS_HOU,Austin,TX,HOU,Houston,TX,1905945,1154.1,30.3005,-97.7522,5970127,1384,29.786,-95.3885
AUS,IAH,0.041961606,148,230.4829867,0.000670538,AUS_IAH,Austin,TX,IAH,Houston,TX,1905945,1154.1,30.3005,-97.7522,5970127,1384,29.786,-95.3885
BOS,EYW,0.006503795,1396,278.9700444,0,BOS_EYW,Boston,MA,EYW,Key West,FL,4328315,5319,42.3188,-71.0852,26078,1798.2,24.5642,-81.7775
BOS,ROC,-0.00289905,343,483.3101845,0.002376931,BOS_ROC,Boston,MA,ROC,Rochester,NY,4328315,5319,42.3188,-71.0852,699921,2278,43.168,-77.6162
BOS,TUS,0.002468813,2289,1570.835049,0.00636752,BOS_TUS,Boston,MA,TUS,Tucson,AZ,4328315,5319,42.3188,-71.0852,878320,863.9,32.1541,-110.8787
BOS,MEM,0.011191026,1139,307.3752016,0.000161116,BOS_MEM,Boston,MA,MEM,Memphis,TN,4328315,5319,42.3188,-71.0852,1037998,824.8,35.1087,-89.9663
BOS,DAY,0.004877631,709,339.3107409,0.001731143,BOS_DAY,Boston,MA,DAY,Dayton,OH,4328315,5319,42.3188,-71.0852,668825,950,39.7805,-84.2003
BOS,OMA,0.018088782,1282,298.0958568,0.000243024,BOS_OMA,Boston,MA,OMA,Omaha,NE,4328315,5319,42.3188,-71.0852,821345,1323.9,41.2627,-96.0529
LAX,MRY,0.024720712,302,151.4965333,6.51E-05,LAX_MRY,Los Angeles,CA,MRY,Monterey,CA,11922389,3184.7,34.1141,-118.4068,30007,1340.2,36.5919,-121.8808
LAX,MSN,0.034892635,1687,295.1482169,0,LAX_MSN,Los Angeles,CA,MSN,Madison,WI,11922389,3184.7,34.1141,-118.4068,451652,1268.3,43.0822,-89.393
BOS,MSN,0.042799034,932,694.4840576,0.003100398,BOS_MSN,Boston,MA,MSN,Madison,WI,4328315,5319,42.3188,-71.0852,451652,1268.3,43.0822,-89.393
